category	key	partner	quest_id	ja	zh
4字連続	12290_FinishingDlgs_Index15_Text	滌罪僧	12290	欒嬢は重い病を患っており、大還丹で治療が必要です。滌罪大師、円覚方丈にこの霊薬を賜るようお願いできませんでしょうか？	栾姑娘身负恶疾，需大还丹救治，涤罪大师可否请圆觉方丈赐此灵药？
4字連続	14014_RequestDlgs_Index3_Text	智武	14014	少林寺はやはり人傑地霊、臥虎蔵龍ですね！	少林果然是人杰地灵，卧虎藏龙啊！
4字連続	17321_FinishingDlgs_Index1_Text	None	17321	至人無己、神人無功、聖人無名……	
4字連続	17322_FinishingDlgs_Index1_Text	None	17322	至人無己、神人無功、聖人無名……これはもしや長生殿の武学総綱か？	至人无己，神人无功，圣人无名……这莫非是长生殿武学总纲？
4字連続	20004_FinishingDlgs_Index2_Text	傍白	20004	……今や少林は円悟大師が方丈の座を継ぎましたが、法事の後、天剣宗の者が果たし状を差し出しました。そこには天剣少宗主、氷輪無欠・肖寒光が来月少林と剣術の決戦を行うと記されています。	……如今少林已由圆悟大师接任方丈之位，只是法事过后，遇天剑宗之人递上战帖，帖上言天剑少宗主冰轮无缺·肖寒光，要在下月与少林剑决。
4字連続	22447_FinishingDlgs_Index0_Text	None	22447	円難禅師、円悟方丈の容態はいかがですか？	圆难禅师，圆悟方丈他情况如何？
4字連続	22448_FinishingDlgs_Index0_Text	None	22448	円難禅師、円悟方丈の容態はいかがですか？	圆难禅师，圆悟方丈他情况如何？
4字連続	22449_FinishingDlgs_Index0_Text	None	22449	円難禅師、円悟方丈の容態はいかがですか？	圆难禅师，圆悟方丈他情况如何？
4字連続	22450_FinishingDlgs_Index0_Text	None	22450	円難禅師、円悟方丈の容態はいかがですか？	圆难禅师，圆悟方丈他情况如何？
4字連続	28754_FinishingDlgs_Index0_Text	None	28754	修行の際には<Y>心清神静、霊台清明</>を保ち、《青雲梯》と共に悟りを開きましょう。	修行之时需保持<Y>心清神静、灵台清明</>，与《青云梯》一并参悟吧。
4字連続	30142_FinishingDlgs_Index0_Text	None	30142	弟子宇文逸、道微師叔にご挨拶申し上げます。師叔はどのようなご用件で弟子をお呼びでしょうか？	弟子宇文逸，见过道微师叔，不知师叔因何事找寻弟子？
4字連続	11832_1_Dlgs_Index6_Text	王員外	11832	一枚二千、合計一万、一銭たりとも減らせません。	一张两千，共计一万，一分也不能少。
4字連続	11912_3_Dlgs_Index10_Text	上官虹	11912	虹姑娘の言う通りだ。武道の道は殊途同帰、白帝剣器だけが天人合一の境地に至る唯一の方法ではない。ならば、白帝剣器を達成する方法も、当然一つだけではないだろう。	虹姑娘说得没错，武道之路殊途同归，白帝剑器并不是通向天人合一之境的唯一方法，那么达成白帝剑器的方法，自然也不会只有一条路。
4字連続	12117_6_Dlgs_Index5_Text	呂仙児	12117	彼らは姑蘇の煙柳画橋、風簾翠幕を羨み、姑蘇の市列珠玑、戸盈羅綺を羨んでいる。	他们羡慕姑苏的烟柳画桥、风帘翠幕，羡慕姑苏的市列珠玑，户盈罗绮。
4字連続	12117_7_Dlgs_Index5_Text	呂仙児	12117	彼らは姑蘇の煙柳画橋、風簾翠幕を羨み、姑蘇の市列珠玑、戸盈羅綺を羨んでいる。	他们羡慕姑苏的烟柳画桥、风帘翠幕，羡慕姑苏的市列珠玑，户盈罗绮。
4字連続	12232_11_Dlgs_Index0_Text	None	12232	では……掌門恩師、弟子宇文逸、失礼いたします。	那……掌门恩师，弟子宇文逸告退。
4字連続	12232_3_Dlgs_Index0_Text	None	12232	弟子宇文逸、掌門恩師にご挨拶申し上げます。	弟子宇文逸，见过掌门恩师。
4字連続	12233_11_Dlgs_Index0_Text	None	12233	では……掌門恩師、弟子宇文逸、失礼いたします。	那……掌门恩师，弟子宇文逸告退。
4字連続	12233_3_Dlgs_Index0_Text	None	12233	弟子宇文逸、掌門恩師にご挨拶申し上げます。	弟子宇文逸，见过掌门恩师。
4字連続	12897_4_Dlgs_Index3_Text	冷鷹	12897	では<Y>浄土極楽、神国万世</>は？	那<Y>净土极乐，神国万世</>呢？
4字連続	13253_4_Dlgs_Index0_Text	None	13253	これには……菩提薩埵、般若波羅蜜多に依るが故に、心に罣礙なし……	这上面……菩提萨埵，依般若波罗蜜多故，心无挂碍……
4字連続	16078_4_Dlgs_Index7_Text	飛蝎使-娜烏	16078	ええと……《受之有愧、却之不恭》でしょうか？	呃……受之有愧，却之不恭？
4字連続	16303_2_Dlgs_Index15_Text	蓮芯	16303	兵燹非災、禍神為佑……やはりこれは兵禍一派の令牌なのか？	兵燹非灾，祸神为佑……这果然是兵祸一脉的令牌吗？
4字連続	17543_2_Dlgs_Index3_Text	None	17543	大道五十、天衍四九、人遁其一。この遁去した《一》こそが天機であり、また《道》とも言えるでしょう。	大道五十，天衍四九，人遁其一，此遁去之一，即为天机，亦可谓之为道。
4字連続	20515_3_Dlgs_Index0_Text	None	20515	弟子宇文逸、清霄師伯と二人の師兄にお目にかかります。	弟子宇文逸，见过清霄师伯与二位师兄。
4字連続	20516_3_Dlgs_Index0_Text	None	20516	弟子宇文逸、清霄師伯と二人の師兄にお目にかかります。	弟子宇文逸，见过清霄师伯与二位师兄。
4字連続	22029_1_Dlgs_Index0_Text	None	22029	清霄師伯、円難大師にお目にかかります。	见过清霄师伯、圆难大师。
4字連続	22177_6_Dlgs_Index0_Text	None	22177	はい！天仏窟の外は神侯と円悟方丈にお任せします！莫棄師兄、元啓師兄、行きましょう！	嗯！天佛窟外便有劳神侯与圆悟方丈了！莫弃师兄、元启师兄，我们走吧！
4字連続	22178_6_Dlgs_Index1_Text	左江龍	22178	はい！天仏窟の外は神侯と円悟方丈にお任せします！莫棄師兄、元啓師兄、行きましょう！	嗯！天佛窟外便有劳神侯与圆悟方丈了！莫弃师兄、元启师兄，我们走吧！
4字連続	22311_2_Dlgs_Index0_Text	None	22311	莫棄師兄、欧陽荘主、盟主のお世話をお願いします。	莫弃师兄、欧阳庄主，劳你们照看好盟主。
4字連続	22327_4_Dlgs_Index0_Text	None	22327	円覚方丈はあなたを一度も疑いませんでした。円悟方丈、滌罪大師、この竹簡を見た者で、私以外に疑った者はいません。そして今、私もようやく、彼らがなぜ禅師をこれほどまでに信頼していたのかを知りました。	圆觉方丈从未怀疑过你，圆悟方丈、涤罪大师，看过这份竹简的人，除我之外，都不曾怀疑过你，而如今，我也终于知道他们为何如此信任禅师。
4字連続	23048_2_Dlgs_Index7_Text	滌罪僧	23048	滌罪大師、円慧禅師がここで達磨武経を悟ったのですから、ここにはそれに関連する手がかりが残されているかもしれません。ここで探してみましょう。	涤罪大师，圆慧禅师既在这里领悟达摩武经，这里或许会有与此相关的线索留下，我们就在这里找寻看看吧。
4字連続	23051_1_Dlgs_Index2_Text	滌罪僧	23051	滌罪大師、円慧禅師がここで達磨武経を悟ったのですから、ここにはそれに関連する手がかりが残されているかもしれません。ここで探してみましょう。	涤罪大师，圆慧禅师既在这里领悟达摩武经，这里或许会有与此相关的线索留下，我们就在这里找寻看看吧。
4字連続	23058_1_Dlgs_Index23_Text	滌罪僧	23058	（円覚大師は二十余年間、天山惨案を忘れられず、江湖の各派が武功秘籍を巡って争い続けるよりも、各派が手を取り合って共に進み、互いに交流し議論する方が、真の武林の盛世を築けるかもしれない……）	（圆觉大师二十余年来，始终放不下天山惨案，与其江湖各派为武功秘籍争斗不休，不妨各派携手共进，彼此交流探讨，或许更能成就真正的武林盛世……）
4字連続	23058_1_Dlgs_Index8_Text	滌罪僧	23058	（そうだ……大道至理、殊途同帰。円慧禅師は極端に陥る前は既に得道の高僧であった。《楞伽経》四巻の経文は必ずや彼の心中に早くから存在していた。ゆえに達磨武経を修習する肝要は経典の中にもあり、経典の中にもないのだ。）	（是了……大道至理，殊途同归，圆慧禅师误入极端之前已是得道高僧，《楞伽经》四卷经文必早存他心中，是以修习达摩武经的关要既在经中又不在经中）。
4字連続	23066_1_Dlgs_Index15_Text	滌罪僧	23066	（大道至理、殊途同帰。少林に目を奪われてはならない。なぜなら少林は、宇文逸の本我の所在ではないからだ。）	（大道至理，殊途同归，不可将目光拘泥于少林，因为少林，并非宇文逸的本我所在。）
4字連続	24353_1_Dlgs_Index0_Text	None	24353	風雲訣、雲相太極、五霊心経、椿齢無尽玄、達摩武経……	
4字連続	24353_1_Dlgs_Index1_Text	None	24353	春秋惟一鑑、天魔六通、天極三垣炁、そして……玉龍訣。	春秋惟一鉴、天魔六通、天极三垣炁，以及……玉龙决。
4字連続	28022_9_Dlgs_Index0_Text	None	28022	東海仙島、青雲主人……	
4字連続	28736_2_Dlgs_Index3_Text	歩微月	28736	煙濤微茫、雲霞明滅、列缺霹靂、謫仙一現……この真の青雲扇法は、武学における《しなやかで優雅》という四文字を極め尽くしており、まさに謫仙の武学です。	烟涛微茫、云霞明灭，列缺霹雳、谪仙一现……这套真正的青云扇法，已穷尽武学中灵巧飘逸四字，端的是谪仙武学。
4字連続	29724_5_Dlgs_Index3_Text	慕遅	29724	日中則昃、月盈則食……壺に茶を注ぎ続ける唯一の方法は……まず壺の中の水を出すことです。	日中则昃，月盈则食……要想在壶中继续倒入茶水，唯一的办法……就是先将壶中之水倒出。
4字連続	30342_1_Dlgs_Index0_Text	None	30342	弟子宇文逸、道微師叔、慕遅荘主にお目にかかります。	弟子宇文逸，见过道微师叔、慕迟庄主。
4字連続	30825_7_Dlgs_Index0_Text	None	30825	たとえ天仏窟が龍潭虎穴、刀山火海であろうとも。	就算天佛窟是龙潭虎穴、刀山火海。
4字連続	5360_3_Dlgs_Index0_Text	None	5360	慧空大師、慧平大師！ご無事ですか！？	慧空大师，慧平大师！你们没事吧！？
4字連続	5703_1_Dlgs_Index0_Text	None	5703	道玄師叔、弟子宇文逸、拝謁に参りました。	道玄师叔，弟子宇文逸前来拜见。
4字連続	5997_1_Dlgs_Index5_Text	None	5997	（洪老幇主、円覚大師、そして師父……彼ら三人が教えてくれた口訣が、まさか完全な風雲訣心法だったとは……）	（洪老帮主、圆觉大师还有师父……他们三人传我的口诀，竟然正好就是完整的风云诀心法……）
4字連続	6057_13_Dlgs_Index4_Text	None	6057	皆様、考えてみてください。大会前夜、円覚大師が不幸にも被害に遭われたため、少林寺全体が以前にも増して厳重な警戒態勢にありました。	诸位不妨想一想，大会前夕因为圆觉大师不幸被害，整个少林戒备森严更胜往常。
4字連続	7012_1_Dlgs_Index0_Text	None	7012	元興大哥、欧陽荘主の今回の南下は、あまりにも急ぎすぎていると思いませんか？	元兴大哥，你觉不觉得欧阳庄主此番南下，太过急促了些？
4字連続	7044_2_Dlgs_Index0_Text	None	7044	鳳凰洞ですか……欧陽姑娘、欧陽荘主たちはどちらの方向へ出発されたかご存知ですか？	凤凰洞吗……欧阳姑娘，你知道欧阳庄主他们，是往哪个方向离开的吗？
4字連続	7102_2_Dlgs_Index0_Text	None	7102	ひどい怪我だ……滌罪大師、欧陽姑娘はなぜこれほど重傷を負われたのですか？他の五仙教の者たちも多くの死傷者が出ているようですが？	好重的伤……涤罪大师，欧阳姑娘为何会伤重至此？其他五仙教之人似乎也有许多伤亡？
4字連続	9261_1_Dlgs_Index0_Text	None	9261	道妙師叔、無心大哥……ここが平康の丐幇分舵ですか？	道妙师叔，无心大哥……此处就是平康的丐帮分舵吗？
4字連続	9262_1_Dlgs_Index0_Text	None	9262	道妙師叔、無心大哥……ここが平康の丐幇分舵ですか？	道妙师叔，无心大哥……此处就是平康的丐帮分舵吗？
無仮名10字+	17321_FinishingDlgs_Index1_Text	None	17321	至人無己、神人無功、聖人無名……	
無仮名10字+	21105_5_Dlgs_Index7_Text	仇無道	21105	天剣宗、悪人谷、名剣山荘……劇毒……	
無仮名10字+	21110_4_Dlgs_Index5_Text	仇無道	21110	天剣宗、悪人谷、名剣山荘……劇毒……	
無仮名10字+	24353_1_Dlgs_Index0_Text	None	24353	風雲訣、雲相太極、五霊心経、椿齢無尽玄、達摩武経……	
心内語(先頭200)	11004_OptionDlgs1_Index0_Text	None	11004	（張樵夫に伝えに戻ろう。）	（回去告诉樵夫吧。）
心内語(先頭200)	11011_FinishingDlgs_Index3_Text	張樵夫	11011	（どうやら、彼らの間は仲直りできそうだ。）	（看来，他们之间应该能和好了。）
心内語(先頭200)	11065_RequestDlgs_Index8_Text	趙啓志	11065	（北方？まさか辺境の兵か？それは厄介な場所だな。）	（北边？莫不是边军？那可不是好去处啊。）
心内語(先頭200)	11066_FinishingDlgs_Index4_Text	雑貨-趙氏	11066	（真実を伝えるのは忍びない。）	（真不忍心告诉她真相。）
心内語(先頭200)	11068_RequestDlgs_Index0_Text	None	11068	（薬を手に入れたから、猿の群れが出没する場所を見に行こう。）	（既然已经拿到药了，就去猴群出没的地方看看吧。）
心内語(先頭200)	11101_RequestDlgs_Index2_Text	小胖	11101	（まさか花盗人か……）	（难道是采花贼……）
心内語(先頭200)	11206_RequestDlgs_Index2_Text	成生	11206	（剣を抜く）ならば貴様も知っているはずだ、私を騙した末路を！	（拔剑）那你应该也清楚，骗我的下场！
心内語(先頭200)	11210_FinishingDlgs_Index0_Text	None	11210	（剣を抜く）掌柜、もう一度よく見てくれ！	（拔剑）掌柜的，你再仔细看看！
心内語(先頭200)	11222_OptionDlgs1_Index5_Text	百暁生	11222	（東方……一体どんな災いがあるのだろう？）	（东方……会有什么祸事呢？）
心内語(先頭200)	11224_OptionDlgs1_Index3_Text	百暁生	11224	（東方……一体どんな桃花があるのだろう？）	（东方……到底有什么桃花呢？）
心内語(先頭200)	11225_OptionDlgs1_Index3_Text	百暁生	11225	（また東方か……こいつに騙されているのではないか……）	（又是东方……我不会这人给骗了吧……）
心内語(先頭200)	11230_RequestDlgs_Index2_Text	空聞	11230	（なるほど、托鉢をしたことがなく、恥ずかしがっているのか。）	（原来是从没化过缘，害羞了。）
心内語(先頭200)	11230_RequestDlgs_Index6_Text	空聞	11230	（水筒を差し出す）これをどうぞ。	（递出水囊）给你这个。
心内語(先頭200)	11250_OptionDlgs2_Index0_Text	None	11250	（この屋敷の中の生臭さは、入り口に立っているだけでも強く感じられる。きっとろくなことではないだろう、私は余計な口出しをしないでおこう。）	（这院子里头的腥气浓得站在门口都能闻得到，一定没什么好事，我还是不要多管闲事了。）
心内語(先頭200)	11251_OptionDlgs2_Index0_Text	None	11251	（どうも嫌な予感がする……）	（总有种不太妙的预感……）
心内語(先頭200)	11263_FinishingDlgs_Index0_Text	None	11263	（どうやら、まずは李捕快に結果を伝えに戻るしかないようだ。）	（看来只能先回去，告诉李捕快事情的结果了。）
心内語(先頭200)	11266_FinishingDlgs_Index0_Text	None	11266	（まさかこの宋仵作がこれほど態度を硬くするとは……）	（没想到这宋仵作态度如此坚决……）
心内語(先頭200)	11266_FinishingDlgs_Index1_Text	None	11266	（どうやら、まずは李捕快に結果を伝えに戻るしかないようだ。）	（看来只能先回去，告诉李捕快事情的结果了。）
心内語(先頭200)	11280_FinishingDlgs_Index5_Text	幻紫	11280	（もしかして、これには別の関係があるのか？）	（莫非这里面还有别的牵扯？）
心内語(先頭200)	11281_RequestDlgs_Index0_Text	None	11281	（……）	
心内語(先頭200)	11281_RequestDlgs_Index1_Text	None	11281	（悪人谷……玄火教……掌法……ますます混乱してきた。）	（恶人谷……玄火教……掌法……好像越来越混乱了。）
心内語(先頭200)	11281_RequestDlgs_Index2_Text	None	11281	（……仕方ない、まずは宋仵作のところに行って、改めて相談し直そう。）	（……算了，我还是先去找宋仵作，再重新商量一下吧。）
心内語(先頭200)	11298_OptionDlgs1_Index2_Text	小雨	11298	（頭をなでる）いい子だね。兄ちゃんに教えてくれる？どこでお金をなくしたの？	（摸头）真乖，你和哥哥说一下，你的钱是在哪丢的？
心内語(先頭200)	11299_FinishingDlgs_Index1_Text	None	11299	（急いで少女に返しに行こう。きっと彼女は待ちきれないだろう。）	（赶快回去还给小女孩吧，她一定等急了。）
心内語(先頭200)	11301_RequestDlgs_Index4_Text	None	11301	（財布を開ける）お金もいらないのか……	（打开钱袋）钱也不要了吗……
心内語(先頭200)	11303_OptionDlgs1_Index0_Text	None	11303	（剣を抜く）泣くな！	（拔剑）不许哭！
心内語(先頭200)	11303_OptionDlgs2_Index0_Text	None	11303	（頭を抱える）もういい、もう泣くな！もう金は要求しないからいいだろう！	（头疼）好了好了，你别哭了！我不找你要钱了还不行吗！
心内語(先頭200)	11312_FinishingDlgs_Index0_Text	None	11312	（一口食べる）これは……王兄の腕前は……	（吃一口）这……王大哥你这手艺……
心内語(先頭200)	11312_FinishingDlgs_Index3_Text	王鈞	11312	（むしゃむしゃ食べる）王兄の腕前は、平康城の大料理人に決して劣らないですね！	（狼吞虎咽）王大哥你这手艺绝对不比平康城的大厨差多少啊！
心内語(先頭200)	11313_FinishingDlgs_Index7_Text	王鈞	11313	（小声で）心配いりません、さっきの麺をもう一度作ればいいのです。	（小声）别担心，你就把刚才那面再煮一遍好了。
心内語(先頭200)	11318_FinishingDlgs_Index0_Text	None	11318	（素晴らしい、村人たちは皆喜んで手伝ってくれる。）	（太好了，村民们都愿意帮忙。）
心内語(先頭200)	11318_FinishingDlgs_Index1_Text	None	11318	（今回はこんなにたくさんの選択肢があるのだから、きっと王旦那様が得意なものがあるだろう？）	（这次有这么多选择，总能有一种王大哥擅长的吧？）
心内語(先頭200)	11318_FinishingDlgs_Index2_Text	None	11318	（急いで戻って彼らにこの良い知らせを伝えなければ。）	（我要赶紧回去告诉他们这些好消息。）
心内語(先頭200)	11352_FinishingDlgs_Index20_Text	小倩	11352	（これで恋人たちは結ばれたということか……）	（如此也算是有情人终成眷属了吧……）
心内語(先頭200)	11352_FinishingDlgs_Index21_Text	小倩	11352	（……しかし、私がここに居続けるのは少し余計なようだ。まずは手紙を届けに行こう！）	（……不过我继续留在这里好像有些多余了，还是先去送信吧！）
心内語(先頭200)	11353_FinishingDlgs_Index5_Text	王家の護衛	11353	（ふむ、手紙は届いた……彼らに報告に戻り、ついでに二人を見送ろう。）	（唔，信已经送到……回去告诉他们，顺便给两人送行吧。）
心内語(先頭200)	11430_OptionDlgs1_Index9_Text	蕭大翁	11430	（受け取って）ご安心ください、おじさん。必ずご子息にお届けします。	（接过）放心吧，大爷，我一定帮你把它带给你儿子。
心内語(先頭200)	11433_RequestDlgs_Index2_Text	欧陽雪	11433	（まずい、まさかこの男がこんなに大胆不敵で、姑蘇の街で欧陽荘主の悪口を言うとは……）	（糟了，没想到这人如此胆大，竟敢在姑苏城编排欧阳庄主的是非……）
心内語(先頭200)	11433_RequestDlgs_Index3_Text	欧陽雪	11433	（しかも欧陽さんがその場で目撃してしまった……）	（还被欧阳姑娘当面撞见了……）
心内語(先頭200)	11444_FinishingDlgs_Index3_Text	貧乏書生	11444	（どうも私の隣の欧陽（オウヨウ）嬢の方が美しい気がするが……）	（总觉得还是我身旁的欧阳姑娘更美一些……）
心内語(先頭200)	11448_OptionDlgs1_Index0_Text	None	11448	（神秘的な褒美？まさか……）	（神秘大奖？难道……）
心内語(先頭200)	11826_OptionDlgs1_Index6_Text	王員外	11826	（5枚でも5000銭か、これはやってみる価値がありそうだ。）	（就算只收五张也有足足五千钱了，看起来值得一做。）
心内語(先頭200)	11826_RequestDlgs_Index6_Text	王員外	11826	（江湖に出てから生計が立たず、確かに収入が支出を下回っている。話を聞いてみるべきだろうか？）	（行走江湖之后没了营生，确实有些入不敷出，是否要听听看呢？）
心内語(先頭200)	11827_OptionDlgs1_Index6_Text	王員外	11827	（5枚でも5000銭か、これはやってみる価値がありそうだ。）	（就算只收五张也有足足五千钱了，看起来值得一做。）
心内語(先頭200)	11866_OptionDlgs2_Index0_Text	None	11866	（衛大哥は猟師出身だから、彼自身に解決させた方がいいだろう。）	（卫大哥是猎户出身，还是交给他自己解决吧。）
心内語(先頭200)	11866_RequestDlgs_Index17_Text	衛霍	11866	（衛大哥が言うには、このイノシシの王は非常に手強い。彼を助けるべきか？）<R>【ヒント：助けないを選択すると、このクエストは閉じます】</>	（照卫大哥所说，这头野猪王极难对付，我要不要帮帮他呢？）<R>【提示：若选择不帮则该任务关闭】</>
心内語(先頭200)	11877_FinishingDlgs_Index12_Text	龍鼎天	11877	（この材料は高価で、三本となると学費をはるかに超える。口では聞こえが良いが、明らかに我々から金を巻き上げようとしている。）	（这材料价格昂贵，三根数目已远在学资之上，面上说得好听，分明就是要敲我们一笔。）
心内語(先頭200)	11877_FinishingDlgs_Index14_Text	衛霍	11877	（少林棍法は江湖にその名を轟かせ、俗家弟子が下山するのも困難なこと。この男が少林寺の近くで道場を開いているからには、凡庸な人物ではないだろう。）	（少林棍法独步江湖，俗家弟子想要下山更是困难，此人能够在少林左近开馆，定非庸手。）
心内語(先頭200)	11877_FinishingDlgs_Index15_Text	衛霍	11877	（衛大哥がこれほどの機会を得られるのは滅多にないことだ。たかが材料ごとき、何ほどのことがあろうか？）	（卫大哥难得有此等机会，区区一些材料又算得了什么呢？）
心内語(先頭200)	11878_FinishingDlgs_Index6_Text	龍鼎天	11878	（このろくでなしめ……）	（这混蛋……）
心内語(先頭200)	11886_RequestDlgs_Index14_Text	司馬鈴	11886	（やはり、こっそり遊びに出かけたところを見つかったのか……）	（原来是偷偷出去玩的时候被发现了啊……）
心内語(先頭200)	11886_RequestDlgs_Index16_Text	司馬鈴	11886	（屈強な男たちを簡単に片付けられるお前が、数本の青竹ごときを何だというのだ……）	（几个壮汉你都能轻易打发了，几根青竹算什么……）
心内語(先頭200)	11886_RequestDlgs_Index19_Text	司馬鈴	11886	（この小生意気な奴め、ここで私を待っていたのか……）	（这人小鬼大的家伙，原来在这里等着我呢……）
心内語(先頭200)	11886_RequestDlgs_Index2_Text	司馬鈴	11886	（なんだか怪しいことをしているような気分だな？）	（为什么有种在做怪人的感觉？）
心内語(先頭200)	11892_FinishingDlgs_Index1_Text	司馬鈴	11892	（この意気揚々とした様子は、罰を受けているようには全く見えないな……）	（这幅兴高采烈的模样一点也不像受罚啊……）
心内語(先頭200)	11892_FinishingDlgs_Index2_Text	司馬鈴	11892	（舫主は、私が鈴を甘やかしすぎていると思うだろうか……）	（舫主会不会觉得我要惯坏铃儿了呢……）
心内語(先頭200)	11893_FinishingDlgs_Index1_Text	司馬鈴	11893	（やれやれ……）	（哎……）
心内語(先頭200)	11896_OptionDlgs1_Index6_Text	司馬鈴	11896	（どうもどこかおかしい気がするが……）	（总觉得哪里有些怪怪的……）
心内語(先頭200)	11896_OptionDlgs1_Index7_Text	司馬鈴	11896	（しかし鈴妹はいつも外に出たがっていたし、彼女に付き合って一度行ってみるか。）	（不过铃儿妹妹一直很想出去看看，还是陪她去一趟吧。）
心内語(先頭200)	11897_OptionDlgs1_Index6_Text	司馬鈴	11897	（どうもどこかおかしい気がするが……）	（总觉得哪里有些怪怪的……）
心内語(先頭200)	11897_OptionDlgs1_Index7_Text	司馬鈴	11897	（しかし鈴妹はいつも外に出たがっていたし、彼女に付き合って一度行ってみるか。）	（不过铃儿妹妹一直很想出去看看，还是陪她去一趟吧。）
心内語(先頭200)	11903_FinishingDlgs_Index11_Text	司馬鈴	11903	（そんなに簡単に叶うことなどあるものか？しかし津鯉村は確かに良い場所だ。暇ができたら、虹嬢さんと一緒に鈴妹を連れて遊びに行ってみるのも良いだろう。）	（哪会有这么轻易的事呢？不过津鲤村的确是个不错的去处，待有了闲暇，不妨和虹姑娘一同陪铃儿妹妹去那里游玩一番。）
心内語(先頭200)	11921_RequestDlgs_Index10_Text	司馬鈴	11921	（青木画舫が公演を行うのも珍しいことだ。鈴児は最近、楚楚様たちとは会う機会も少なかったし、やはり見に行った方が良いだろう。）	（青木画舫举办演出也是十分难得的事情，铃儿近来和楚楚姑娘她们也是聚少离多，还是去看看比较好。）
心内語(先頭200)	11921_RequestDlgs_Index6_Text	司馬鈴	11921	（南東の海賊か……冷大哥の言う通り、数名の賊首を討ち取っても、海賊の脅威を止めることはできないのか……）	（东南海寇……正如冷大哥所说，即使击杀几名寇首，仍是无法遏止海寇之患啊……）
心内語(先頭200)	11922_RequestDlgs_Index10_Text	司馬鈴	11922	（青木画舫が公演を行うのも珍しいことだ。鈴児は最近、楚楚様たちとは会う機会も少なかったし、やはり見に行った方が良いだろう。）	（青木画舫举办演出也是十分难得的事情，铃儿近来和楚楚姑娘她们也是聚少离多，还是去看看比较好。）
心内語(先頭200)	11922_RequestDlgs_Index6_Text	司馬鈴	11922	（南東の海賊の問題は、さらに深刻になっているのか？）	（东南海寇的问题愈发严重了吗？）
心内語(先頭200)	11940_FinishingDlgs_Index1_Text	海商-趙倫	11940	（あの店の店主か……）	（是那边铺子里的掌柜……）
心内語(先頭200)	11946_OptionDlgs1_Index3_Text	樵夫	11946	（このような事態は<Y>道通師叔</>に相談すべきだろう。）	（这种事情看起来应该去找<Y>道通师叔</>。）
心内語(先頭200)	11946_RequestDlgs_Index5_Text	樵夫	11946	（千陵渡は<Y>武当山の南東</>にある渡し場らしい。交通の便が良く、確かに多くの船客が行き交う。）	（千陵渡似乎是<Y>武当山东南方</>的一处渡口，那渡口往来便利，的确有许多船客。）
心内語(先頭200)	11948_RequestDlgs_Index2_Text	道通	11948	（莫棄師兄が手伝ってくれるなら問題ないだろうか？この任務を引き受けるべきか？）	（有莫弃师兄相助应该没什么问题吧？是否要接下这个任务呢？）
心内語(先頭200)	11951_FinishingDlgs_Index13_Text	莫棄	11951	（眉をひそめる）師兄、今回は山を下りて遊びに行くわけではありません。	（皱眉）师兄，我们这次可不是下山去玩的。
心内語(先頭200)	11954_FinishingDlgs_Index11_Text	陳小二	11954	（誰も犯人を見ていないとは、犯人の武術が非常に優れているということか？）	（没有一个人看到行凶者，莫非凶手武艺极其高明？）
心内語(先頭200)	11956_FinishingDlgs_Index6_Text	孔茹	11956	（泣き声がするたびに商人が被害に遭う……そんな偶然があるだろうか？）	（每次哭声都有客商遇害……会有这么凑巧的事情吗？）
心内語(先頭200)	11958_RequestDlgs_Index0_Text	None	11958	（どうもこの件にはまだ何か問題があるような気がする。このまま休んでいいものか？）	（总觉得这件事情还有些问题，我要就这样休息吗？）
心内語(先頭200)	12002_FinishingDlgs_Index11_Text	白錦	12002	（彼も碗山の賊徒の背後に天龍幇がいることを知っているのか？）	（莫非他也知道碗山贼寇背后有天龙帮支持？）
心内語(先頭200)	12002_FinishingDlgs_Index15_Text	白錦	12002	（実際、私はいくつかのものを手当たり次第に持ち去っただけで、急いで子供たちを洛村に連れ帰ったので、山寨に何があったのかは調べていない。）	（其实我只顺手带走了几件东西，便急着将那些孩子带回洛村，的确没有探查寨中有些什么。）
心内語(先頭200)	12002_FinishingDlgs_Index28_Text	白錦	12002	（この人物は言動が奇妙だが、言っていることは理にかなっている。もし本当にこの金銀があるのなら、天龍幇の手に再び渡るべきではない。）	（这个人虽然言行古里古怪，可所言不无道理，若当真有这笔金银，怎也不该让它重新落入天龙帮手中。）
心内語(先頭200)	12002_FinishingDlgs_Index7_Text	白錦	12002	（彼女は碗山に来たことを明かすなと言っていた。やはり自分で認めるべきか。）	（她让我不要透露其来过碗山的事情，还是自己认下吧。）
心内語(先頭200)	12003_FinishingDlgs_Index15_Text	白錦	12003	（実際、私はいくつかのものを手当たり次第に持ち去っただけで、急いで子供たちを洛村に連れ帰ったので、山寨に何があったのかは調べていない。）	（其实我只顺手带走了几件东西，便急着将那些孩子带回洛村，的确没有探查寨中有些什么。）
心内語(先頭200)	12003_FinishingDlgs_Index28_Text	白錦	12003	（この人物は言動が奇妙だが、言っていることは理にかなっている。もし本当にこの金銀があるのなら、天龍幇の手に再び渡るべきではない。）	（这个人虽然言行古里古怪，可所言不无道理，若当真有这笔金银，怎也不该让它重新落入天龙帮手中。）
心内語(先頭200)	12003_FinishingDlgs_Index7_Text	白錦	12003	（彼女は碗山に来たことを明かすなと言っていた。やはり自分で認めるべきか。）	（她让我不要透露其来过碗山的事情，还是自己认下吧。）
心内語(先頭200)	12008_RequestDlgs_Index0_Text	None	12008	（この財貨がもし天龍幇の手に渡れば、再び武林を荒らすために使われるだろう。）	（这笔财货若仍落入天龙帮手中，必会被其继续用来为祸武林。）
心内語(先頭200)	12008_RequestDlgs_Index1_Text	None	12008	（しかし、このまま続ければ、この人物が天龍幇に目をつけられるかもしれない……）	（可若继续下去，恐要连累这人被天龙帮盯上……）
心内語(先頭200)	12008_RequestDlgs_Index2_Text	None	12008	（真実を彼に伝えるべきか？）	（是否要将真相告诉他？）
心内語(先頭200)	12011_RequestDlgs_Index0_Text	None	12011	（ここには豊富な品々が隠されている。金銀財宝だけでなく、甲冑や兵器まである。何を持ち去るべきか？）	（这里所藏颇丰，除了金银珠宝外甚至还有甲胄兵刃，我要取走什么呢？）
心内語(先頭200)	12017_RequestDlgs_Index0_Text	None	12017	（大白を信じるべきか？）	（我该不该相信大白？）
心内語(先頭200)	12053_RequestDlgs_Index0_Text	None	12053	（この男は明らかに路上で恐喝している。介入すべきか？）	（这人摆明了当街讹诈，是否要插手此事？）
心内語(先頭200)	12054_RequestDlgs_Index0_Text	None	12054	（本当に傍観するのか？）<R>【この任務を拒否すると、再度トリガーすることはできません】</>	（我真的要袖手旁观吗？）<R>【此任务拒绝后无法再次触发】</>
心内語(先頭200)	12085_RequestDlgs_Index0_Text	None	12085	（陳公子は私と道中を共にした。決して別の意図を持つ人物ではない。彼を弁護すべきか？）	（陈公子与我一路同行，绝非另怀心思的人，我是否要替他辩解？）
心内語(先頭200)	12093_FinishingDlgs_Index2_Text	成生	12093	（陳公子が武館を解散したのか？どうりで今日行った時に弟子が一人もいなかったわけだ。）	（陈公子解散了武馆？难怪我今日去时一个弟子都没见到。）
心内語(先頭200)	12202_OptionDlgs1_Index0_Text	None	12202	（しかし、以前灯会をくまなく探しても手がかりはなかった……今、どこへ探しに行けばいいのだろう？）	（不过之前寻遍了灯会都毫无线索……如今要到哪里去寻才好呢？）
心内語(先頭200)	12202_OptionDlgs1_Index1_Text	None	12202	（うーん……以前、姑蘇城の<Y>丘掌柜</>から聞いた話では、灯謎の賞品は楓橋水雲の琴譜だったはず……）	（唔……之前还是听姑苏城的<Y>丘掌柜</>说起，猜灯谜的奖品是枫桥水云琴谱……）
心内語(先頭200)	12202_OptionDlgs1_Index2_Text	None	12202	（まずは彼に情報の出所を尋ねてみよう……）	（先去找他打听一下消息的来源吧……）
心内語(先頭200)	12202_OptionDlgs2_Index0_Text	None	12202	（うーん……以前灯会をくまなく探しても手がかりはなかったし、すぐに見つかるものでもないだろう……）	（唔……之前寻遍了灯会都毫无线索，想来也不是一时就能找到的……）
心内語(先頭200)	12202_OptionDlgs2_Index1_Text	None	12202	（まずは剣心亭へ行って、欧陽姑娘の様子を見てみよう……）	（还是先去剑心亭，看看欧阳姑娘的情况吧……）
心内語(先頭200)	12202_RequestDlgs_Index0_Text	None	12202	（欧陽姑娘が好きなもの……）	（欧阳姑娘喜欢的东西……）
心内語(先頭200)	12202_RequestDlgs_Index1_Text	None	12202	（……私が思いつくのは、あの楓橋水雲の琴譜だけだ……）	（……我能想到的，只有那枫桥水云的琴谱了……）
心内語(先頭200)	12207_FinishingDlgs_Index16_Text	丘掌柜	12207	（しかし、あの行商人は当時、郭大家を知っているとは言っていなかったはず……）	（可我记得那小贩当时并不承认自己认识郭大家……）
心内語(先頭200)	12207_FinishingDlgs_Index17_Text	丘掌柜	12207	（うーん、とにかく、まずは彼に確認してみよう……）	（唔，不管怎么样，还是先找他确认一下……）
心内語(先頭200)	12207_FinishingDlgs_Index18_Text	丘掌柜	12207	（もし本当に知っているのなら、彼に頼んで紹介してもらい、琴譜を手に入れよう……）	（若他当真识得，也好请他帮我引荐一二，求取琴谱了……）
心内語(先頭200)	12231_OptionDlgs1_Index0_Text	None	12231	（……まさか、問責に来たわけではないだろうな？）	（……该不会是来兴师问罪的吧？）
心内語(先頭200)	12235_FinishingDlgs_Index0_Text	None	12235	（姑蘇残客……彼は四大神捕の首座、冷無情だったのか……）	（姑苏残客……原来他是四大神捕之首的冷无情……）
心内語(先頭200)	12236_FinishingDlgs_Index0_Text	None	12236	（姑蘇残客・冷無情……）	（姑苏残客·冷无情……）
心内語(先頭200)	12237_FinishingDlgs_Index4_Text	道玄	12237	（大声で）師叔！	（大声）师叔！
心内語(先頭200)	12242_OptionDlgs2_Index0_Text	None	12242	（六扇門の証拠品を見せる）私は重大な事件で参りました。貴村で最近、何か怪しい人物や出来事はございましたか？	（出示六扇门信物）在下是为一桩要案而来，敢问贵村近来可有什么可疑的人或事？
心内語(先頭200)	12242_OptionDlgs2_Index3_Text	双河村村長	12242	（嘘をついているようには見えない……）	（看起来不像是说谎……）
心内語(先頭200)	12242_RequestDlgs_Index0_Text	None	12242	（今、どうすればよいのだろう？）	（眼下该如何是好呢？）
心内語(先頭200)	12244_OptionDlgs2_Index0_Text	None	12244	（六扇門の証拠品を見せる）私は重大な事件で参りました。貴村で最近、何か怪しい人物や出来事はございましたか？	（出示六扇门信物）在下是为一桩要案而来，敢问贵村近来可有什么可疑的人或事？
心内語(先頭200)	12244_OptionDlgs2_Index6_Text	魚売り	12244	（胡大望……）	
心内語(先頭200)	12244_RequestDlgs_Index0_Text	None	12244	（今、どうすればよいのだろう？）	（眼下该如何是好呢？）
心内語(先頭200)	12246_OptionDlgs1_Index2_Text	胡大望	12246	（うむ……この人は私をひどく拒絶しているようだ？）	（唔……这人似乎很抗拒我？）
心内語(先頭200)	12246_OptionDlgs1_Index3_Text	胡大望	12246	（この人の靴に……桃花の花びらがついているようだ？）	（这人的鞋子上……好像是桃花花瓣？）
心内語(先頭200)	12246_OptionDlgs2_Index0_Text	None	12246	（六扇門の証拠品を見せる）私は重大な事件で参りました。貴村で最近、何か怪しい人物や出来事はございましたか？	（出示六扇门信物）在下是为一桩要案而来，敢问贵村近来可有什么可疑的人或事？
心内語(先頭200)	12246_RequestDlgs_Index0_Text	None	12246	（今、どうすればよいのだろう？）	（眼下该如何是好呢？）
心内語(先頭200)	12248_OptionDlgs1_Index2_Text	老漁師	12248	（居眠りしていたのか……）	（原来你在打瞌睡啊……）
心内語(先頭200)	12248_OptionDlgs1_Index8_Text	老漁師	12248	（村の魚のほとんどは譚城へ売られているのか……）	（村里的鱼大多卖往谭城……）
心内語(先頭200)	12248_OptionDlgs2_Index0_Text	None	12248	（六扇門の証拠品を見せる）私は重大な事件で参りました。貴村で最近、何か怪しい人物や出来事はございましたか？	（出示六扇门信物）在下是为一桩要案而来，敢问贵村近来可有什么可疑的人或事？
心内語(先頭200)	12248_RequestDlgs_Index0_Text	None	12248	（今、どうすればよいのだろう？）	（眼下该如何是好呢？）
心内語(先頭200)	12254_FinishingDlgs_Index0_Text	None	12254	（この双河村は、やはり魚が豊富だと評判なだけある。）	（这双河村不愧是以鱼产丰富著称。）
心内語(先頭200)	12254_FinishingDlgs_Index1_Text	None	12254	（平康でもこれほど大きな魚はあまり見たことがない。）	（就是在平康我也没怎么见过这么大的鱼。）
心内語(先頭200)	12283_RequestDlgs_Index0_Text	None	12283	（事の顛末はだいたい理解できた。彼女たちを助けるべきだろうか？）	（事情始末已经大致了解，是否要帮一帮她们呢？）
心内語(先頭200)	12284_RequestDlgs_Index0_Text	None	12284	（本当に傍観するつもりか？）<R>【この任務を拒否すると、再度発生させることはできません】</>	（真的要袖手旁观吗？）<R>【此任务拒绝后无法再次触发】</>
心内語(先頭200)	12290_FinishingDlgs_Index11_Text	滌罪僧	12290	（大師は欒嬢に、限られた歳月を過去の出来事に囚われて過ごしてほしくないのだな……）	（大师是不想栾姑娘将有限岁月羁留在这前尘旧事当中……）
心内語(先頭200)	12297_RequestDlgs_Index0_Text	None	12297	（孔兄は過去に多くの悪事を働いたかもしれないが、今の彼は純朴で正直で、接してみても悪意は微塵も感じられない。神鷹門の者に彼を殺させてしまうのか？）	（孔大哥过去或许做过不少坏事，可如今的他淳朴耿直，相处之下丝毫不见恶意，难道我要任由神鹰门之人杀了他吗？）
心内語(先頭200)	12326_RequestDlgs_Index4_Text	小狗児	12326	（まさか私がこんなに有名になっていたとは？）	（原来我已经这么出名了吗？）
心内語(先頭200)	12346_OptionDlgs1_Index0_Text	None	12346	（青蘿山へ行く価値はありそうだ。）	（看来值得往青萝山一趟。）
心内語(先頭200)	12347_OptionDlgs1_Index0_Text	None	12347	（青蘿山へ行く価値はありそうだ。）	（看来值得往青萝山一趟。）
心内語(先頭200)	12348_FinishingDlgs_Index19_Text	安員外	12348	（なるほど、丐幇の弟子にはこのような区別があったとは……幸いにもいくらかの金が手に入ったので、無駄足ではなかった。）	（原来丐帮弟子还有这样的分别……好在赚到些钱，倒也不算白跑一趟。）
心内語(先頭200)	12353_FinishingDlgs_Index2_Text	商人	12353	（これらを浄衣礼にするのは、あまり良くないのではないでしょうか？）	（这些拿来做什么净衣礼怕是不太好吧？）
心内語(先頭200)	12361_RequestDlgs_Index11_Text	烏天瘤	12361	（烏天瘤は丐幇浄衣派の第一人者でありながら、汚衣派に対してこれほど不満を抱き、私のような部外者の前で公然と非難するとは。）	（乌天瘤身为丐帮净衣派第一人，对污衣派竟如此不满，更在我这个外人直面前言斥责。）
心内語(先頭200)	12361_RequestDlgs_Index12_Text	烏天瘤	12361	（今の丐幇は、内部の対立が非常に深刻になっていることが伺えます……）	（可见如今的丐帮，内部矛盾已十分尖锐了……）
心内語(先頭200)	12376_RequestDlgs_Index8_Text	左江龍	12376	（傷魂鳥の人傀を作る手口は、あまりにも残忍すぎます……）	（伤魂鸟制作人傀的手法未免有些过于残忍了……）
心内語(先頭200)	12378_OptionDlgs4_Index1_Text	龔進	12378	（龔進長老の言葉によれば、この徐長老は天鳴村で殺害されたはずで、村民の劉玄が目撃者である。まずは彼に尋ねてみようか。）	（依龚进长老所言，这位徐长老应该是在天鸣村遇害的，而村民刘玄则是目击之人，或许我可先去寻他一问。）
心内語(先頭200)	12379_FinishingDlgs_Index14_Text	劉玄	12379	（描写を聞く限り、傷魂鳥はカラスを隠れ蓑にし、徐長老が油断した隙に銀針で彼を刺殺したようだ……）	（听描述，伤魂鸟是以乌鸦作为掩护，在徐长老分神之时以银针将其刺死……）
心内語(先頭200)	12381_FinishingDlgs_Index10_Text	劉玄	12381	（龔進長老は私の前にこの件を調査していた。彼は丐幇の人間なので、もっと多くのことを知っているはずだ。彼に尋ねに戻ってみようか。）	（龚进长老在我之前调查此事，他身为丐帮之人，知道的应该更多一些，或许可回去问问他。）
心内語(先頭200)	12381_FinishingDlgs_Index8_Text	劉玄	12381	（田舎の者がこのような事件に遭遇して報告をためらうのは当然だが、丐幇の長老が数日間行方不明になったのに、誰も調査に来なかったのか？）	（乡野之民遇着这种事情不敢上报倒也正常，可丐帮长老失踪数日，却无人前来调查吗？）
心内語(先頭200)	12381_FinishingDlgs_Index9_Text	劉玄	12381	（しかも徐彦舒の行程に定まったものがなかったのに、傷魂鳥はどのようにして事前にここに待ち伏せできたのだろうか？どうやら丐幇内部に何か裏があるようだ。）	（且徐彦舒的行程并无定数，伤魂鸟是如何能够提前设伏于此呢？看来丐帮内部，另有猫腻。）
心内語(先頭200)	12382_FinishingDlgs_Index3_Text	龔進	12382	（まさか執法長老・李元興とは……）	（竟然是执法长老·李元兴……）
心内語(先頭200)	12405_FinishingDlgs_Index0_Text	None	12405	（……すでに多くの情報を得た。）	（……已经打听到了不少消息。）
心内語(先頭200)	12406_OptionDlgs1_Index0_Text	None	12406	（いわゆる宝剣は英雄に贈られるもの。師兄も普段から剣をよく使うし……）	（所谓宝剑赠英雄，师兄平日里也惯常使剑……）
心内語(先頭200)	12406_OptionDlgs1_Index1_Text	None	12406	（決めた！彼のために使い勝手の良い名剣を探しに行こう……白光剣は非常に鋭いと聞くし、良い選択肢になるはずだ！）	（决定了，就去帮他找一把趁手的好剑吧……听闻白光剑锋利无比，应该会是个不错的选择！）
心内語(先頭200)	12406_OptionDlgs2_Index0_Text	None	12406	（師兄のような端正で雅な人物なら、きっと良いお茶を断らないだろう……）	（师兄如此端方雅正之人，想来不会拒绝一壶好茶……）
心内語(先頭200)	12406_OptionDlgs2_Index1_Text	None	12406	（決めた！彼のために上質な団茶を探しに行こう……花塢茶、双井茶、あるいは陽羨茶も良い選択肢になるはずだ！）	（决定了，就去帮他寻些上好的团茶吧……花坞茶、双井茶或者阳羡茶应该都是不错的选择！）
心内語(先頭200)	12406_OptionDlgs3_Index0_Text	None	12406	（莫棄師兄が断言していたのだから、莫問師兄はその碁盤をとても気に入っているに違いない……）	（莫弃师兄言之凿凿，想来莫问师兄一定很中意那块棋盘……）
心内語(先頭200)	12406_OptionDlgs3_Index1_Text	None	12406	（決めた！彼のために程家村へ碁盤を探しに行こう……確か程家村は武当の<Y>西側</>にあったはずだ……）	（决定了，就去程家村帮他找棋盘吧……如果没记错的话，程家村应该是在武当的<Y>西边</>……）
心内語(先頭200)	12406_RequestDlgs_Index0_Text	None	12406	（しかし、剣、茶、そして碁盤……莫問師兄に贈るお礼の品として、どれが良いのだろうか？）	（不过剑、茶还有棋盘……究竟找那种谢礼送给莫问师兄比较好呢？）
心内語(先頭200)	12409_FinishingDlgs_Index7_Text	陸博梟	12409	（うむ……村中を歩き回ったが、この男だけがここで棋を打っており、かなり棋道に長けているようだ。）	（唔……村子里都走过一遍了，唯有此人在此下棋，看起来颇擅棋道。）
心内語(先頭200)	12409_FinishingDlgs_Index8_Text	陸博梟	12409	（莫問師兄が探しているのは、この男が言っている青玉棋盤だろうな……）	（莫问师兄寻找的，应该就是此人口中的青玉棋盘吧……）
心内語(先頭200)	12416_RequestDlgs_Index6_Text	陸博梟	12416	（状況は少しまずいようだ……次は……）	（形势好像有些不妙……看来接下来得……）
心内語(先頭200)	12437_FinishingDlgs_Index0_Text	None	12437	（あの仮面の怪人に会って以来、大師兄は少し口数が少なくなった。今また一人で山を下りて志願するとは……）	（自从遇到那个面具怪人后，大师兄就变得有些沉默了，如今又独自请命下山……）
心内語(先頭200)	12437_FinishingDlgs_Index1_Text	None	12437	（今暇があるうちに、譚城へ彼の様子を見に行ってみようか？）	（趁现在有空，去谭城看看他的情况吧？）
心内語(先頭200)	12504_RequestDlgs_Index2_Text	冷無情	12504	（冷神捕が雷家村に来たということは、天龍幇と正面から対決することになるだろう。本当に私が巻き込まれてもいいのだろうか？）	（冷神捕前来雷家村恐要正面对上天龙帮，我真的要牵涉其中吗？）
心内語(先頭200)	12509_RequestDlgs_Index1_Text	張文	12509	（何を聞こうか？）	（要问些什么呢？）
心内語(先頭200)	12516_FinishingDlgs_Index5_Text	船老大-雷壮	12516	（この人は全く私と話す気がないようだ……）	（这人似乎完全不想和我交流……）
心内語(先頭200)	12541_FinishingDlgs_Index14_Text	冷無情	12541	（これはもはや単純な寡兵ではないようだ……）	（听起来这已经不是简简单单的敌众我寡了……）
心内語(先頭200)	12601_FinishingDlgs_Index6_Text	丐幇弟子	12601	（カラスに目を突かれる……譚城にこんな奇妙な出来事があるとは。）	（乌鸦啄目……谭城当中竟然会有这种怪事。）
心内語(先頭200)	12612_RequestDlgs_Index0_Text	None	12612	（先ほどの傷魂鳥が歌った歌詞は、烏長老の犯した罪を一つ残らず告発していた……）	（方才伤魂鸟所唱戏词当中，桩桩件件都在控诉乌长老所犯罪行……）
心内語(先頭200)	12615_FinishingDlgs_Index19_Text	李元興	12615	（李執法はこの件についてかなり詳しいようだ……）	（李执法似乎对此事了解颇多……）
心内語(先頭200)	12615_FinishingDlgs_Index20_Text	李元興	12615	（荀杳杳と燕未還……もし復讐のためだとしても、相手の行動はあまりにも派手すぎる。）	（荀杳杳与燕未还……若以报仇来说，对方的行动未免太过张扬了。）
心内語(先頭200)	12615_FinishingDlgs_Index21_Text	李元興	12615	（この件の裏には何か隠された事情があるような気がする。この間に密かに調査してみるのもいいかもしれない……）	（总觉得此事背后另有隐情，或许我可趁着这段时间私下调查一番……）
心内語(先頭200)	12628_FinishingDlgs_Index11_Text	小二	12628	（南渝村……ここからそう遠くない。行き来しても時間はかからないだろう。）	（南渝村……据此不远，往来一行应不会耽误什么。）
心内語(先頭200)	12628_FinishingDlgs_Index6_Text	小二	12628	（この玉伯は、私が後を追っていることに気づいて姿をくらましたに違いない。彼と傷魂鳥の件は十中八九関係がある！）	（这玉伯定是察觉到我在后面找他，这才匿了踪影，他与伤魂鸟之事十有八九有所牵连！）
心内語(先頭200)	12635_FinishingDlgs_Index15_Text	玉伯	12635	（どうやら玉茗班の裏切りが、この二人を常にわだかまりを抱かせているようだ。そして、この心のしこりは、おそらく一生解けないだろう……）	（看来玉茗班的背叛，始终让这两人彼此心怀芥蒂，而这心结，或许一辈子也解不开了……）
心内語(先頭200)	12647_FinishingDlgs_Index11_Text	荀杳杳	12647	（ああ、今となっては、玉伯と傷魂鳥の間には、確かに和解しがたい確執があるようだ……）	（唉，如今看来，玉伯和伤魂鸟之间，的确是难以释怀的仇怨……）
心内語(先頭200)	12715_RequestDlgs_Index0_Text	None	12715	（丐幇の二つの絶学はどちらも世間でも最高峰の武学だ。どちらを選ぶべきか？）	（丐帮两部绝学都是世上最顶级的武学，我该选择哪一部呢？）
心内語(先頭200)	12783_FinishingDlgs_Index8_Text	小娥	12783	（この裴壮士は侠義の心をお持ちで、交友するに値する好漢だ。）	（这位裴壮士颇具侠义心肠，倒是个值得结交的好汉子。）
心内語(先頭200)	12802_FinishingDlgs_Index3_Text	呂仙児	12802	（程家堡……）	
心内語(先頭200)	12824_FinishingDlgs_Index10_Text	小娥	12824	（この小娥殿は裴壮士に非常に心を寄せているようだ。先ほども裴壮士に助けられたのだから、情理を尽くして彼をしっかり診察し、何か後遺症が残らないようにすべきだろう。）	（看来这位小娥姑娘对裴壮士十分上心，适才也得裴壮士相助，于情于理也该好好为他诊治一番，以免当真留下了什么隐患。）
心内語(先頭200)	12826_FinishingDlgs_Index1_Text	千鈞棍-万彪	12826	（眉をひそめて）壮士、お世辞は無用です。先ほどは馬賊の数が多く、もし村人たちと裴壮士の助けがなければ、私が彼らを撃退できたかどうかは分かりません。	（皱眉）壮士无需恭维，适才马匪人多势众，若非有村民和裴壮士相助， 在下未必能将那伙马匪击退。
心内語(先頭200)	12827_FinishingDlgs_Index6_Text	魏必来	12827	（彼は先ほど村人たちを率いて馬賊と戦った。勇敢な男であることは明らかだ。深い武術を教えることはできないが、簡単な外門の功夫なら修練できるだろう。）	（他适才领导村民对抗马匪，可见是个有胆识的好汉子，虽无法传他什么精深武艺，但一些粗浅的外门功夫他还是可以修习的。）
心内語(先頭200)	12828_FinishingDlgs_Index12_Text	吴文華	12828	（焼き入れに使える特別な井戸水……窮山寇の狙いは本当にそれなのだろうか？）	（能用来淬火的特殊井水……穷山寇的目标当真是它吗？）
心内語(先頭200)	12839_FinishingDlgs_Index8_Text	甘泉村村長	12839	（程家堡は以前変事が起こったため、甘泉村を支援するのは難しいでしょう。平陽堡については……）	（程家堡此前生了变故，自是难以前来支援甘泉村，至于平阳堡……）
心内語(先頭200)	12884_FinishingDlgs_Index6_Text	欧陽海	12884	（まさか玄火教が樊城の守備兵まで買収したというのか？いや……玄火教にそこまでの力があるはずがない。もしそうなら、天水地区を狙う必要もないだろう。では、これらの鉱石は一体どこから来たのだ……）	（难道玄火教连樊城守军也可买通吗？不……玄火教不大可能有这种本事，否则便无需觊觎天水地区了，那这些矿石又是从何而来……）
心内語(先頭200)	12906_FinishingDlgs_Index5_Text	陳麟熙	12906	（彼が、あの斬神捕が言っていた、各地で邪説を説いて江湖の者たちを惑わす男なのか？一体何が目的なのだ？）	（他就是当日斩神捕所说的，四处以歪理邪说蛊惑江湖人士的家伙吗？他究竟有什么目的？）
心内語(先頭200)	13050_OptionDlgs2_Index16_Text	滌罪僧	13050	（成仏の説や道門の羽化登仙の説は、結局のところ虚無で曖昧な話です。滌罪大師が立てた大願は、本来、世俗のあらゆるものを捨て去り、身心をこの刀に捧げ、これからはただ罪を断ち業を斬り、衆生を守るために生きるというものです。）	（成佛之说与道门羽化成仙之说终是虚无缥缈之谈，涤罪大师所立宏愿，本意是抛却凡尘种种，将身心许于此刀，从此只为断罪斩业，维护苍生而存。）
心内語(先頭200)	13050_OptionDlgs2_Index17_Text	滌罪僧	13050	（滌罪大師がこの仏門の禁器を背負うことができるのも無理はありません。）	（莫怪涤罪大师能够背负这口佛门禁器。）
心内語(先頭200)	13050_RequestDlgs_Index0_Text	None	13050	（滌罪大師に何を尋ねようか？）	（要向涤罪大师问些什么呢？）
心内語(先頭200)	13051_OptionDlgs2_Index16_Text	滌罪僧	13051	（成仏の説や道門の羽化登仙の説は、結局のところ虚無で曖昧な話です。滌罪大師が立てた大願は、本来、世俗のあらゆるものを捨て去り、身心をこの刀に捧げ、これからはただ罪を断ち業を斬り、衆生を守るために生きるというものです。）	（成佛之说与道门羽化成仙之说终是虚无缥缈之谈，涤罪大师所立宏愿，本意是抛却凡尘种种，将身心许于此刀，从此只为断罪斩业，维护苍生而存。）
心内語(先頭200)	13051_OptionDlgs2_Index17_Text	滌罪僧	13051	（滌罪大師がこの仏門の禁器を背負うことができるのも無理はありません。）	（莫怪涤罪大师能够背负这口佛门禁器。）
心内語(先頭200)	13051_RequestDlgs_Index0_Text	None	13051	（滌罪大師に何を尋ねようか？）	（要向涤罪大师问些什么呢？）
心内語(先頭200)	13216_FinishingDlgs_Index10_Text	楊医師	13216	（遮って）あの、他に用事を思い出しましたので……これで失礼します！	（打断）那个，我想起来还有其它事……就先告辞了！
心内語(先頭200)	13217_FinishingDlgs_Index0_Text	None	13217	（……まさか本当に私の考えすぎだったのか？）	（……难道真是我多心了？）
心内語(先頭200)	13217_FinishingDlgs_Index1_Text	None	13217	（しかし程二爺の人柄からして……どうもこの件はそんなに単純ではない気がする……）	（可是以程二爷的为人……总感觉这事没这么简单……）
心内語(先頭200)	13217_FinishingDlgs_Index2_Text	None	13217	（まずは城で探りを入れて、程家堡に最近何か異常がないか見てみよう。）	（还是先在城里打探下，看看程家堡最近有没有什么异常吧。）
心内語(先頭200)	13221_FinishingDlgs_Index0_Text	None	13221	（この程二爺は相変わらず荒唐無稽だな……）	（这程二爷还是一如既往地荒唐啊……）
心内語(先頭200)	13221_FinishingDlgs_Index1_Text	None	13221	（もしかして彼は実は隠れた持病があり、密かにこの虎狼の薬を調合していたのか？そして人に見つかるのを恐れて、密かに処分したのか？）	（莫非他其实早有隐疾，所以暗中调配这虎狼之药？然后怕被人发现，才会暗中处理？）
心内語(先頭200)	13221_FinishingDlgs_Index2_Text	None	13221	（しかし、こんなもの適当に捨てればいいのに、なぜわざわざ人を雇って牧草地に撒かせたのだろう？）	（可这东西随手一丢不就行了，为何非要雇人撒在草场呢？）
心内語(先頭200)	13221_FinishingDlgs_Index3_Text	None	13221	（うーん……牧草地……薬……そして馬……）	（唔……草场……药……还有马……）
心内語(先頭200)	13221_FinishingDlgs_Index4_Text	None	13221	（この件は疑問点が多いが、手がかりがない……それにこの薬を牧草地に撒いても人に害はないし、本当に程家堡に乗り込んで直接問い詰めるわけにもいかない。今は一時的に諦めるしかないようだ。）	（此事疑点颇多，却毫无头绪……况且这药撒在草场也不伤人，总不好真的跑去程家堡当面质问，看来只能暂且作罢了。）
心内語(先頭200)	13223_OptionDlgs1_Index0_Text	None	13223	（小声で）面白そうですね、試してもいいですか？	（低声）听起来挺有趣的，我能试一试吗？
心内語(先頭200)	13223_OptionDlgs2_Index0_Text	None	13223	（小声で）いえ、もう門派に属していますので。	（低声）不了，我已经有门派了。
心内語(先頭200)	13223_OptionDlgs2_Index3_Text	葛炎	13223	（小声で）ええと、結構です！結構です！	（低声）呃，不必了！不必了！
心内語(先頭200)	13223_RequestDlgs_Index3_Text	葛炎	13223	（小声で）ええと、分かりました。	（低声）呃，好吧。
心内語(先頭200)	13223_RequestDlgs_Index5_Text	葛炎	13223	（小声で）どうすれば入信できますか？	（低声）怎么加入？
心内語(先頭200)	13223_RequestDlgs_Index8_Text	葛炎	13223	（小声で）ほう？どのような試練ですか？	（低声）哦？是什么试炼呢？
心内語(先頭200)	13225_FinishingDlgs_Index2_Text	葛炎	13225	（小声で）待、待ってください！	（低声）等、等等！
心内語(先頭200)	13225_FinishingDlgs_Index3_Text	葛炎	13225	（小声で）私はただ好奇心で試しただけで……げほっ！	（低声）我只是好奇试一试……咳！
心内語(先頭200)	13225_FinishingDlgs_Index4_Text	葛炎	13225	（小声で）他に非常に重要な用事を思い出しましたので、これで失礼します……この件はまた後日ということで！	（低声）我想起来还有些特别重要的事情，就先告辞了……这事还是以后再说吧！
心内語(先頭200)	13298_FinishingDlgs_Index8_Text	程鈺	13298	（宇文師兄……誰かに師兄と呼ばれるのは、これが初めてのような気がする？）	（宇文师兄……这好像还是第一次有人叫我师兄？）
心内語(先頭200)	13511_FinishingDlgs_Index1_Text	王道明	13511	（王砦主は普段、天聡兄に不満があるように見えたが、実は彼をとても気にかけているのだな。）	（王堡主平素看上去对天聪兄十分不满，可其实十分着紧于他呢。）
