namespace,zh_hans,ja
Book,三五斩妖剑,三五斬妖剣
Book,九转残篇,九転残篇
Book,云裳剑法,雲裳剣法
Book,云霄雷霆霹雳刀,雲霄雷霆霹靂刀
Book,五毒秘录,五毒秘録
Book,仙鹤迷踪拳,仙鶴迷蹤拳
Book,伤寒杂病论,傷寒雑病論
Book,你的日记,あなたの日記
Book,全真剑法,全真剣法
Book,全真天遁剑法,全真天遁剣法
Book,八仙指,八仙指
Book,八荒夺路逃,八荒奪路逃
Book,八门锁金刀,八門鎖金刀
Book,千刀万剐杀,千刀万剮殺
Book,南宫心法,南宮心法
Book,南宫武备论,南宮武備論
Book,南宫风流扇,南宮風流扇
Book,历战血书,歴戦血書
Book,同舟剑谱,同舟剣譜
Book,君子论剑,君子論剣
Book,唐门暗器总纲,唐門暗器総綱
Book,唐门药典,唐門薬典
Book,四平枪谱,四平槍譜
Book,备急千金要方,備急千金要方
Book,天师剑法,天師剣法
Book,太平圣惠方,太平聖恵方
Book,太白仙迹,太白仙跡
Book,太祖长拳,太祖長拳
Book,夺魄幽灵爪,奪魄幽霊爪
Book,孔夫子剑,孔夫子剣
Book,孙子兵法,孫子兵法
Book,宋词选集,宋詞選集
Book,崆峒玄兵锻法,崆峒玄兵鍛法
Book,巫山洞府九宝图,巫山洞府九寶図
Book,当世词选,当世詞選
Book,很是用力踢,つよつよ蹴り
Book,战神语录,戦神語録
Book,折纸集,折紙集
Book,拈花指法,拈花指法
Book,掷石问天,擲石問天
Book,揍狗拳,揍狗拳
Book,斩天黑翼双龙剑,斬天黒翼双龍剣
Book,无为丹法,無為丹法
Book,无影爪,無影爪
Book,杨家练兵操,楊家練兵操
Book,松风剑法,松風剣法
Book,枯荣神功上卷,枯榮神功上巻
Book,柴刀八斩法,柴刀八斬法
Book,江湖鬼蜮录,江湖鬼蜮録
Book,江湖鬼蜮录．续,江湖鬼蜮録・続
Book,流星剑谱,流星剣譜
Book,混元童子气,混元童子炁
Book,清峰三十六路,清峰三十六路
Book,温阳活血符,温陽活血符
Book,火炎山锻谱,火炎山鍛譜
Book,点苍剑谱,点蒼剣譜
Book,点苍棒法,点蒼棒法
Book,烈火禅,烈火禅
Book,焚心火印,焚心火印
Book,玄烛心经,玄燭心経
Book,玄玄如意指,玄玄如意指
Book,登云踏．望月,登雲踏・望月
Book,白猿通臂拳,白猿通臂拳
Book,盘古开天破,盤古開天破
Book,罗汉拳谱,羅漢拳譜
Book,翻浪刀法,翻浪刀法
Book,苦恼拳,苦悩拳
Book,莲花落,蓮花落
Book,虎啸功,虎嘯功
Book,蛇兔鹰猿搏,蛇兎鷹猿搏
Book,蛇形拳,蛇形拳
Book,论语,論語
Book,证类本草,証類本草
Book,赤脚神通,赤脚神通
Book,逍遥游腿法,逍遥遊腿法
Book,逐浪诀,逐浪訣
Book,那由它劫指,那由它劫指
Book,酩酊玄剑掌,酩酊玄剣掌
Book,金刚腿,金剛腿
Book,金钟罩,金鐘罩
Book,铁琵琶功,鉄琵琶功
Book,铁臂神拳,鉄臂神拳
Book,阴阳夺,陰陽奪
Book,阿摩搪墙拳,阿摩搪牆拳
Book,难经,難経
Book,雪山心法,雪山心法
Book,雪山飞鸿爪,雪山飛鴻爪
Book,雪球教战守则,雪球教戦守則
Book,雷神脚,雷神脚
Book,飞天脚,飛天腳
Book,鸳鸯拳剑谱,鴛鴦拳剣譜
Book,龙吟功,龍吟功
Book,龙渊七绝,龍淵七絶
Book,龟息功,亀息功
CombatAction,一趾神通,一趾神通
CombatAction,保护云裳,雲裳を守る
CombatAction,反击,反撃
CombatAction,同舟剑法,同舟剣法
CombatAction,嘴攻,口功
CombatAction,备揍,防御
CombatAction,天罡伏魔剑,天罡伏魔剣
CombatAction,归元,帰元
CombatAction,打穴娟索,打穴絹索
CombatAction,抽人,鞭
CombatAction,指令,行動
CombatAction,捅人,攻撃
CombatAction,收势,収勢
CombatAction,暗器,暗器
CombatAction,枯荣神功,枯栄神功
CombatAction,核枣钉,核棗釘
CombatAction,点破云关,点破雲関
CombatAction,犯剑,犯剣
CombatAction,狮子吼,獅子吼
CombatAction,猿王回风,猿王旋風
CombatAction,石灰粉,石灰粉
CombatAction,神雷,神雷
CombatAction,第一极招,第一極招
CombatAction,第三极招,第三極招
CombatAction,第二极招,第二極招
CombatAction,绝影奇袭,絶影奇襲
CombatAction,绝招,必殺
CombatAction,舞剑,舞剣
CombatAction,苍龙吟,蒼龍吟
CombatAction,虎啸吼,虎嘯吼
CombatAction,追击,追撃
CombatAction,金刚神枪指,金剛神槍指
CombatAction,铁臂飞拳,鉄腕飛拳
CombatAction,闲置,待機
CombatAction,风雷神脚,風雷神脚
CombatAction,飞燕流星翎,飛燕流星翎
CombatCharacter,万里鹏程,万里鵬程
CombatCharacter,三师兄,三師兄
CombatCharacter,上官千金,上官家令嬢
CombatCharacter,上官萤,上官螢
CombatCharacter,上官隼,上官隼
CombatCharacter,丐帮弟子,丐幇弟子
CombatCharacter,书生,書生
CombatCharacter,二师兄,二師兄
CombatCharacter,仙姑,仙姑
CombatCharacter,余公子,余公子
CombatCharacter,先生,先生
CombatCharacter,全真弟子,全真教弟子
CombatCharacter,全真长老,全真派長老
CombatCharacter,公子侠,公子俠
CombatCharacter,刘颚,劉顎
CombatCharacter,前武林盟主,前武林盟主
CombatCharacter,千面人魔,千面人魔
CombatCharacter,南宫浅,南宮淺
CombatCharacter,南宫深,南宮深
CombatCharacter,南宫远,南宮遠
CombatCharacter,南宮家丁,南宮家下男
CombatCharacter,南宮己,南宮己
CombatCharacter,南溪,南溪
CombatCharacter,叶云舟,葉雲舟
CombatCharacter,向无忧,向無憂
CombatCharacter,听海生,聽海生
CombatCharacter,唐中翎,唐中翎
CombatCharacter,唐升,唐陞
CombatCharacter,唐大鲸,唐大鯨
CombatCharacter,唐娇娇,唐嬌嬌
CombatCharacter,唐布衣,唐布衣
CombatCharacter,唐惟元,唐惟元
CombatCharacter,唐芳,唐芳
CombatCharacter,唐衫,唐衫
CombatCharacter,唐铮,唐錚
CombatCharacter,唐门女弟子,唐門女弟子
CombatCharacter,唐门弟子,唐門弟子
CombatCharacter,唐门掌门,唐門掌門
CombatCharacter,唐默铃,唐默鈴
CombatCharacter,四师兄,四師兄
CombatCharacter,夏侯兰,夏侯蘭
CombatCharacter,夺魄弟子,奪魄門弟子
CombatCharacter,女飞贼,女飛賊
CombatCharacter,官兵,官兵
CombatCharacter,小师妹,小師妹
CombatCharacter,山贼,山賊
CombatCharacter,峨嵋弟子,峨嵋派弟子
CombatCharacter,崆峒弟子,崆峒弟子
CombatCharacter,崆峒战队,崆峒戦隊
CombatCharacter,嵩山弟子,嵩山派弟子
CombatCharacter,店小二,店員
CombatCharacter,拳师,拳師
CombatCharacter,无相祖师,無相祖師
CombatCharacter,晁和,晁和
CombatCharacter,樊啸天,樊嘯天
CombatCharacter,武林盟群侠,武林盟群俠
CombatCharacter,段智秀,段智秀
CombatCharacter,江湖女侠,江湖の女俠
CombatCharacter,江湖少侠,江湖の少侠
CombatCharacter,泥教弟子,泥教弟子
CombatCharacter,洛阳大侠,洛陽の大侠
CombatCharacter,海盗,海賊
CombatCharacter,温夫人,温夫人
CombatCharacter,火龙仙君,火龍仙君
CombatCharacter,点苍弟子,点蒼派弟子
CombatCharacter,牛头马面,牛頭馬面
CombatCharacter,狂犬,狂犬
CombatCharacter,狄傲,狄傲
CombatCharacter,狗,犬
CombatCharacter,狼,狼
CombatCharacter,玄功弟子,玄功門弟子
CombatCharacter,王二壮,王二壮
CombatCharacter,瑞笙,瑞笙
CombatCharacter,申屠龙,申屠龍
CombatCharacter,画中仙,画中仙
CombatCharacter,石公远,石公遠
CombatCharacter,福韫,福韞
CombatCharacter,第三香,第三香
CombatCharacter,蒙面人,覆面の者
CombatCharacter,虞小梅,虞小梅
CombatCharacter,蛇,蛇
CombatCharacter,袁无宪,袁無憲
CombatCharacter,解无尘,解無塵
CombatCharacter,许大鲸,許大鯨
CombatCharacter,谭霸刀,譚覇刀
CombatCharacter,赵活,趙活
CombatCharacter,路人侠,端役侠
CombatCharacter,辛儒,辛儒
CombatCharacter,邹博,鄒博
CombatCharacter,郁竹,郁竹
CombatCharacter,释明,釋明
CombatCharacter,野猪,猪
CombatCharacter,金乌上人,金烏上人
CombatCharacter,铁冠道人,鉄冠道人
CombatCharacter,铁匠,鍛冶屋
CombatCharacter,铁拳弟子,鉄拳門弟子
CombatCharacter,锦香弟子,錦香宮弟子
CombatCharacter,阎关三煞,閻関三煞
CombatCharacter,青城弟子,青城派弟子
CombatCharacter,飞侠,飛俠
CombatCharacter,飞天弟子,飛天門弟子
CombatCharacter,飞石帮,飛石幇
CombatCharacter,飞石帮主,飛石幫主
CombatCharacter,鬼卒,鬼卒
CombatCharacter,鹰人,鷹人
CombatCharacter,龙渊,龍淵
CombatCharacter,龙湘,龍湘
CombatSkill,一趾御风,一趾御風
CombatSkill,万剑归宗,万剣帰宗
CombatSkill,万寿尸血针,万寿屍血針
CombatSkill,三煞,三煞
CombatSkill,丐帮弟子,丐幇の弟子
CombatSkill,丐帮长老,丐幇の長老
CombatSkill,中毒Lv1,中毒Lv1
CombatSkill,中毒Lv2,中毒Lv2
CombatSkill,中毒Lv3,中毒Lv3
CombatSkill,丹霞子,丹霞子
CombatSkill,九转轮回,九転輪廻
CombatSkill,乱丢钱,銭投げ
CombatSkill,二煞,二煞
CombatSkill,人多势众,多勢
CombatSkill,人海战术,人海戦術
CombatSkill,仙鹤迷踪,仙鶴迷踪
CombatSkill,仙鹤迷踪步,仙鶴迷踪歩
CombatSkill,佩服,敬服
CombatSkill,借势Lv1,借勢Lv1
CombatSkill,借势Lv2,借勢Lv2
CombatSkill,借势Lv3,借勢Lv3
CombatSkill,借势Lv4,借勢Lv4
CombatSkill,借势Lv5,借勢Lv5
CombatSkill,偕老誓,偕老の誓い
CombatSkill,做人没有下限,下限なき者
CombatSkill,傲慢,傲慢
CombatSkill,全真弟子,全真派の弟子
CombatSkill,全真弟子众,全真派の弟子たち
CombatSkill,关注,注目
CombatSkill,养命丹,養命丹
CombatSkill,内伤Lv1,内傷Lv1
CombatSkill,内伤Lv2,内傷Lv2
CombatSkill,内伤Lv3,内傷Lv3
CombatSkill,内功反震,内功反震
CombatSkill,凄聋蛛,淒聾蛛
CombatSkill,分心,気が散る
CombatSkill,剑界,剣界
CombatSkill,勇者,勇者
CombatSkill,化劲Lv1,化勁Lv1
CombatSkill,化劲Lv2,化勁Lv2
CombatSkill,化劲Lv3,化勁Lv3
CombatSkill,化劲Lv4,化勁Lv4
CombatSkill,化劲Lv5,化勁Lv5
CombatSkill,化劲Lv6,化勁Lv6
CombatSkill,化劲Lv7,化勁Lv7
CombatSkill,化劲Lv8,化勁Lv8
CombatSkill,化劲Lv9,化勁Lv9
CombatSkill,化境Lv1,化境Lv1
CombatSkill,化境Lv2,化境Lv2
CombatSkill,化境Lv3,化境Lv3
CombatSkill,北斗七星阵,北斗七星陣
CombatSkill,医术Lv1,医術Lv1
CombatSkill,医术Lv2,医術Lv2
CombatSkill,医术Lv3,医術Lv3
CombatSkill,医术Lv4,医術Lv4
CombatSkill,医术Lv5,医術Lv5
CombatSkill,医术Lv6,医術Lv6
CombatSkill,医术Lv7,医術Lv7
CombatSkill,医术Lv8,医術Lv8
CombatSkill,医术Lv9,医術Lv9
CombatSkill,千变万化,千変万化
CombatSkill,千机百变Lv1,千機百変Lv1
CombatSkill,千机百变Lv2,千機百変Lv2
CombatSkill,千机百变Lv3,千機百変Lv3
CombatSkill,千机百变Lv4,千機百変Lv4
CombatSkill,千机百变Lv5,千機百変Lv5
CombatSkill,千机百变Lv6,千機百変Lv6
CombatSkill,千机百变Lv7,千機百変Lv7
CombatSkill,千机百变Lv8,千機百変Lv8
CombatSkill,千机百变Lv9,千機百変Lv9
CombatSkill,千里不留行,千里不留行
CombatSkill,单手,片手
CombatSkill,南宫家丁,南宮家の家来
CombatSkill,南宫护心诀Lv1,南宮護心訣Lv1
CombatSkill,南宫护心诀Lv2,南宮護心訣Lv2
CombatSkill,南宫护心诀Lv3,南宮護心訣Lv3
CombatSkill,反手拳,反手拳
CombatSkill,发在意先,前念に技
CombatSkill,叶云裳,葉雲裳
CombatSkill,同门之情Lv1,同門の誼Lv1
CombatSkill,同门之情Lv2,同門の誼Lv2
CombatSkill,同门之情Lv3,同門の誼Lv3
CombatSkill,君子风,君子の風
CombatSkill,呕吐物,嘔吐物
CombatSkill,唐嬌嬌,唐嬌嬌
CombatSkill,唐门之力,唐門の力
CombatSkill,唐门女弟子,唐門の女弟子
CombatSkill,唐门弟子,唐門の弟子
CombatSkill,唐门暗器Lv1,唐門暗器Lv1
CombatSkill,唐门暗器Lv2,唐門暗器Lv2
CombatSkill,唐门暗器Lv3,唐門暗器Lv3
CombatSkill,唐门暗器Lv4,唐門暗器Lv4
CombatSkill,唐门暗器Lv5,唐門暗器Lv5
CombatSkill,唐门暗器Lv6,唐門暗器Lv6
CombatSkill,唐门暗器Lv7,唐門暗器Lv7
CombatSkill,唐门暗器Lv8,唐門暗器Lv8
CombatSkill,唐门暗器Lv9,唐門暗器Lv9
CombatSkill,唐门毒术Lv1,唐門毒術Lv1
CombatSkill,唐门毒术Lv2,唐門毒術Lv2
CombatSkill,唐门毒术Lv3,唐門毒術Lv3
CombatSkill,唐门毒术Lv4,唐門毒術Lv4
CombatSkill,唐门毒术Lv5,唐門毒術Lv5
CombatSkill,唐门毒术Lv6,唐門毒術Lv6
CombatSkill,唐门毒术Lv7,唐門毒術Lv7
CombatSkill,唐门毒术Lv8,唐門毒術Lv8
CombatSkill,唐门毒术Lv9,唐門毒術Lv9
CombatSkill,唐默铃,唐黙鈴
CombatSkill,唐默铃和叶云裳,唐默鈴と葉雲裳
CombatSkill,喂招,手加減
CombatSkill,地狱使者Lv1,地獄の使者Lv1
CombatSkill,地狱使者Lv2,地獄の使者Lv2
CombatSkill,地狱使者Lv3,地獄の使者Lv3
CombatSkill,地狱使者Lv4,地獄の使者Lv4
CombatSkill,地轴锁天关,地軸鎖天関
CombatSkill,天地无声势,天地無音勢
CombatSkill,天选之人,選ばれし者
CombatSkill,失衡,蹌踉
CombatSkill,失魂落魄,失魂落魄
CombatSkill,夺魄弟子,奪魄門の弟子
CombatSkill,如意境Lv1,如意境Lv1
CombatSkill,如意境Lv2,如意境Lv2
CombatSkill,如意境Lv3,如意境Lv3
CombatSkill,如意境Lv4,如意境Lv4
CombatSkill,如意境Lv5,如意境Lv5
CombatSkill,孟子曰,孟子曰く
CombatSkill,官差,官差
CombatSkill,定身,定身
CombatSkill,封印,封印
CombatSkill,小梅的守望,小梅の見守り
CombatSkill,尹志平,尹志平
CombatSkill,岭南大侠,嶺南の大俠
CombatSkill,峨嵋十九桩,峨嵋十九樁
CombatSkill,峨嵋弟子,峨嵋派の弟子
CombatSkill,嵩山弟子,嵩山派の弟子
CombatSkill,左右开弓,二刀流
CombatSkill,幻觉,幻覚
CombatSkill,彼岸仙香,彼岸仙香
CombatSkill,彼岸香,彼岸香
CombatSkill,得理不饶人,正論を振りかざす
CombatSkill,心剑Lv1,心剣Lv1
CombatSkill,心剑Lv2,心剣Lv2
CombatSkill,心剑Lv3,心剣Lv3
CombatSkill,心剑Lv4,心剣Lv4
CombatSkill,心剑Lv5,心剣Lv5
CombatSkill,心剑Lv6,心剣Lv6
CombatSkill,心剑Lv7,心剣Lv7
CombatSkill,心剑Lv8,心剣Lv8
CombatSkill,心剑Lv9,心剣Lv9
CombatSkill,心印掌,心印掌
CombatSkill,忌惮,忌憚
CombatSkill,思想战Lv1,思想戦Lv1
CombatSkill,思想战Lv2,思想戦Lv2
CombatSkill,思想战Lv3,思想戦Lv3
CombatSkill,思想战Lv4,思想戦Lv4
CombatSkill,思想战Lv5,思想戦Lv5
CombatSkill,怠惰,怠惰
CombatSkill,惊吓,驚く
CombatSkill,愤怒,憤怒
CombatSkill,战术,戦術
CombatSkill,手下留情,手加減
CombatSkill,扰乱,撹乱
CombatSkill,投鼠忌器,投鼠忌器
CombatSkill,折花手Lv1,折花手Lv1
CombatSkill,折花手Lv2,折花手Lv2
CombatSkill,折花手Lv3,折花手Lv3
CombatSkill,折花手Lv4,折花手Lv4
CombatSkill,折花手Lv5,折花手Lv5
CombatSkill,护体气罩Lv1,護体気罩Lv1
CombatSkill,护体气罩Lv2,護体気罩Lv2
CombatSkill,护体气罩Lv3,護体気罩Lv3
CombatSkill,护体气罩Lv4,護体気罩Lv4
CombatSkill,护体气罩Lv5,護体気罩Lv5
CombatSkill,拳剑合璧,拳剣合璧
CombatSkill,拷打,拷問
CombatSkill,揍狗拳,打狗拳
CombatSkill,提气轻身Lv1,提気軽身Lv1
CombatSkill,提气轻身Lv2,提気軽身Lv2
CombatSkill,提气轻身Lv3,提気軽身Lv3
CombatSkill,提气轻身Lv4,提気軽身Lv4
CombatSkill,提气轻身Lv5,提気軽身Lv5
CombatSkill,提气轻身Lv6,提気軽身Lv6
CombatSkill,提气轻身Lv7,提気軽身Lv7
CombatSkill,提气轻身Lv8,提気軽身Lv8
CombatSkill,提气轻身Lv9,提気軽身Lv9
CombatSkill,提防暗器Lv1,暗器警戒Lv1
CombatSkill,提防暗器Lv2,暗器警戒Lv2
CombatSkill,提防暗器Lv3,暗器警戒Lv3
CombatSkill,断臂,断腕
CombatSkill,无定飞梭,無定飛梭
CombatSkill,暗箭伤人,暗箭傷人
CombatSkill,木仙姑,木仙姑
CombatSkill,机关箧笥,機関箱
CombatSkill,李富贵,李富貴
CombatSkill,极端揍狗拳,極端打狗拳
CombatSkill,栈道不稳,桟道不安定
CombatSkill,核枣钉Lv1,核棗釘Lv1
CombatSkill,欺善怕恶,善を欺き悪を恐れる
CombatSkill,毅力,根性
CombatSkill,毒功,毒功
CombatSkill,毒蛇,毒蛇
CombatSkill,江湖拳师,江湖拳師
CombatSkill,沧帮弟子,滄幇の弟子
CombatSkill,油尽灯枯,油尽灯枯
CombatSkill,浩劫余生,災害から生き残った
CombatSkill,温柔香,温柔香
CombatSkill,激战唐布衣,唐布衣と激戦
CombatSkill,火拂尘,火払塵
CombatSkill,点到为止,手加減
CombatSkill,点穴,点穴
CombatSkill,点苍双尊,点蒼双尊
CombatSkill,点苍弟子,点蒼派の弟子
CombatSkill,点苍弟子,点蒼の弟子
CombatSkill,点苍快剑Lv1,点蒼瞬剣Lv1
CombatSkill,点苍快剑Lv2,点蒼瞬剣Lv2
CombatSkill,点苍快剑Lv3,点蒼瞬剣Lv3
CombatSkill,点苍快剑Lv4,点蒼瞬剣Lv4
CombatSkill,点苍快剑Lv5,点蒼瞬剣Lv5
CombatSkill,点苍快剑Lv6,点蒼瞬剣Lv6
CombatSkill,点苍快剑Lv7,点蒼瞬剣Lv7
CombatSkill,点苍快剑Lv8,点蒼瞬剣Lv8
CombatSkill,点苍快剑Lv9,点蒼瞬剣Lv9
CombatSkill,烈火风流扇,烈火風流扇
CombatSkill,焚天烈焰,焚天烈焔
CombatSkill,焚心大火印,焚心大火印
CombatSkill,焚心火印Lv1,焚心火印Lv1
CombatSkill,焚心火印Lv2,焚心火印Lv2
CombatSkill,焚心火印Lv3,焚心火印Lv3
CombatSkill,燃烧,燃焼
CombatSkill,爆气,怒り
CombatSkill,牵制,牽制
CombatSkill,狂化Lv1,狂化Lv1
CombatSkill,狮吼功,獅吼功
CombatSkill,狮子之心,獅子心
CombatSkill,狼嚎,狼の遠吠え
CombatSkill,狼群,狼の群れ
CombatSkill,猿王劈山,猿王劈山
CombatSkill,猿王回风,猿王迴風
CombatSkill,玄功弟子,玄功門の弟子
CombatSkill,留力不发,温存
CombatSkill,疯狂攻击,発狂攻撃
CombatSkill,白日梦,白昼夢
CombatSkill,白猿身法Lv1,白猿身法Lv1
CombatSkill,白猿身法Lv2,白猿身法Lv2
CombatSkill,白猿身法Lv3,白猿身法Lv3
CombatSkill,白猿身法Lv4,白猿身法Lv4
CombatSkill,白猿身法Lv5,白猿身法Lv5
CombatSkill,白猿身法Lv6,白猿身法Lv6
CombatSkill,白猿身法Lv7,白猿身法Lv7
CombatSkill,白猿身法Lv8,白猿身法Lv8
CombatSkill,白猿身法Lv9,白猿身法Lv9
CombatSkill,盲目,盲目
CombatSkill,破功,動揺
CombatSkill,破气,破気
CombatSkill,粹毒Lv1,毒精製Lv1
CombatSkill,终极肩甲,究極肩甲
CombatSkill,经脉闭塞,経脈閉塞
CombatSkill,绝世,絶世
CombatSkill,翻江龙王刀,翻江龍王刀
CombatSkill,肩甲,肩甲
CombatSkill,胆怯,怯え
CombatSkill,胡椒粉毒,胡椒粉毒
CombatSkill,腹痛,腹痛
CombatSkill,腾空,空中
CombatSkill,荆红,荊紅
CombatSkill,落井下石,泣き面に蜂
CombatSkill,虚张声势,虚勢を張る
CombatSkill,虚脱,脱力
CombatSkill,蛮勇,蛮勇
CombatSkill,行云流水,行雲流水
CombatSkill,襄阳大侠,襄陽の大俠
CombatSkill,试探,探り合い
CombatSkill,谭霸刀,譚霸刀
CombatSkill,豪华肩甲,豪華肩甲
CombatSkill,败絮功,敗絮功
CombatSkill,赵逵,趙逵
CombatSkill,超绝暴怒,超絶怒り
CombatSkill,路人俠,通りすがりの侠客
CombatSkill,迎难而上,不撓不屈
CombatSkill,逐浪诀Lv1,逐浪訣Lv1
CombatSkill,逐浪诀Lv2,逐浪訣Lv2
CombatSkill,逐浪诀Lv3,逐浪訣Lv3
CombatSkill,鄙夷,侮蔑
CombatSkill,醍醐软筋散,醍醐軟筋散
CombatSkill,金刚腿Lv1,金剛脚Lv1
CombatSkill,金刚腿Lv2,金剛脚Lv2
CombatSkill,金刚腿Lv3,金剛脚Lv3
CombatSkill,金刚腿Lv4,金剛脚Lv4
CombatSkill,金刚腿Lv5,金剛脚Lv5
CombatSkill,金刚腿Lv6,金剛脚Lv6
CombatSkill,金刚腿Lv7,金剛脚Lv7
CombatSkill,金刚腿Lv8,金剛脚Lv8
CombatSkill,金刚腿Lv9,金剛脚Lv9
CombatSkill,金钟罩Lv1,金鐘罩Lv1
CombatSkill,金钟罩Lv2,金鐘罩Lv2
CombatSkill,金钟罩Lv3,金鐘罩Lv3
CombatSkill,金钟罩Lv4,金鐘罩Lv4
CombatSkill,金钟罩Lv5,金鐘罩Lv5
CombatSkill,金钱镖,金銭鏢
CombatSkill,针对三师兄,三師兄を狙う
CombatSkill,铁布衫Lv1,鉄布衫Lv1
CombatSkill,铁布衫Lv2,鉄布衫Lv2
CombatSkill,铁布衫Lv3,鉄布衫Lv3
CombatSkill,铁布衫Lv4,鉄布衫Lv4
CombatSkill,铁布衫Lv5,鉄布衫Lv5
CombatSkill,铁布衫Lv6,鉄布衫Lv6
CombatSkill,铁布衫Lv7,鉄布衫Lv7
CombatSkill,铁布衫Lv8,鉄布衫Lv8
CombatSkill,铁布衫Lv9,鉄布衫Lv9
CombatSkill,铁拂尘,鉄払塵
CombatSkill,铁拳弟子,鉄拳門の弟子
CombatSkill,铁棋盘,鉄棋盤
CombatSkill,铁琵琶功Lv1,鉄琵琶功Lv1
CombatSkill,铁琵琶功Lv2,鉄琵琶功Lv2
CombatSkill,铁琵琶功Lv3,鉄琵琶功Lv3
CombatSkill,铁琵琶功Lv4,鉄琵琶功Lv4
CombatSkill,铁琵琶功Lv5,鉄琵琶功Lv5
CombatSkill,铁石心肠,非情
CombatSkill,铁臂飞拳,鉄臂飛拳
CombatSkill,锦香弟子,錦香宮の弟子
CombatSkill,阻挡最后一击,止めを阻止する
CombatSkill,震撼,衝撃
CombatSkill,霹雳刀,霹靂刀
CombatSkill,青城弟子,青城派の弟子
CombatSkill,领悟Lv1,悟りLv1
CombatSkill,领悟Lv2,悟りLv2
CombatSkill,领悟Lv3,悟りLv3
CombatSkill,领悟Lv4,悟りLv4
CombatSkill,额外暗器,追加暗器
CombatSkill,飒踏流星剑,颯踏流星剣
CombatSkill,飞天弟子,飛天門の弟子
CombatSkill,飞石帮弟子,飛石幇の弟子
CombatSkill,骨折,骨折
CombatSkill,高手风范,強者の風格
CombatSkill,鸟说脏话,鳥の悪口
CombatSkill,鹰爪手,鷹爪拳
CombatSkill,麻痹Lv1,麻痺Lv1
CombatSkill,麻痹Lv2,麻痺Lv2
CombatSkill,麻痹Lv3,麻痺Lv3
CombatSkill,黑衣人,黒衣の人
CombatSkill,龙渊七绝Lv1,龍淵七絕Lv1
CombatSkill,龙渊七绝Lv2,龍淵七絕Lv2
CombatSkill,龙渊七绝Lv3,龍淵七絕Lv3
CombatSkill,龙渊七绝Lv4,龍淵七絕Lv4
CombatSkill,龙渊七绝Lv5,龍淵七絕Lv5
CombatSkill,龙渊七绝Lv6,龍淵七絕Lv6
CombatSkill,龙渊七绝Lv7,龍淵七絕Lv7
DiceHeader,一个小时之后的你,一時間後のあなたは
DiceHeader,三师兄想教你练功,三師兄が修行を教えたがっている
DiceHeader,三师兄正在犹豫,三師兄は迷っている
DiceHeader,三师兄的决定,三師兄の決断は
DiceHeader,三师兄的决策,三師兄の決断は
DiceHeader,三师兄的发现,三師兄の発見は
DiceHeader,三师兄的回应,三師兄の返答は
DiceHeader,上官萤的建言,上官螢の進言は
DiceHeader,不速之客向你逼近,怪しい者があなたに迫る
DiceHeader,与弟子赌博,弟子と賭博をする
DiceHeader,丐帮大义分舵之行,丐幇大義分舵への旅は
DiceHeader,中小门派答复,中小門派の返答は
DiceHeader,中毒程度,中毒の程度は
DiceHeader,为何你会身中此毒,なぜこの毒に侵されたのか
DiceHeader,主攻者,主攻者は
DiceHeader,乞丐与和尚的决斗,乞食と坊主の決闘
DiceHeader,了解二师兄的深意,二師兄の真意を理解する
DiceHeader,争执的结果,争いの結果は
DiceHeader,二师兄的决断,二師兄の決断
DiceHeader,二师兄的反应,二師兄の反応は
DiceHeader,仇敌现身,仇敵出現
DiceHeader,今日伙食,本日の食事は
DiceHeader,休沐日遭遇的是,休日に遭遇したのは
DiceHeader,似乎在讨论什么,何かを議論しているようだ
DiceHeader,你今日的对手,今日の相手は
DiceHeader,你们的午饭,あなた達の昼食は
DiceHeader,你察觉了什么,何に気づいたか
DiceHeader,你干了哪件事,あなたがやったことは
DiceHeader,你想说的事情,あなたが言いたいことは
DiceHeader,你打听的事情,あなたが聞き込んだことは
DiceHeader,你接下来,あなたは次に
DiceHeader,你是,あなたは
DiceHeader,你正在,あなたは今
DiceHeader,你泡的茶,あなたが淹れた茶は
DiceHeader,你的上山之路,あなたの登山路は
DiceHeader,你的下一个对手,あなたの次の相手は
DiceHeader,你的下场,結局あなたは
DiceHeader,你的信用,あなたの信用は
DiceHeader,你的修养,あなたの品性は
DiceHeader,你的冰糖葫芦生意,あなたの氷糖葫芦の商売は
DiceHeader,你的决定,あなたの決断は
DiceHeader,你的勇气,あなたの勇気は
DiceHeader,你的反应,あなたの反応は
DiceHeader,你的召唤咒文,あなたの召喚呪文は
DiceHeader,你的嘴攻冲动,あなたの口功衝動は
DiceHeader,你的回应,あなたの返答
DiceHeader,你的安抚,あなたの慰め
DiceHeader,你的察觉,あなたの気付き
DiceHeader,你的对应方针,あなたの対応方針は
DiceHeader,你的对手,あなたの相手は
DiceHeader,你的对策,あなたの対策は
DiceHeader,你的心动程度,あなたのときめき度は
DiceHeader,你的心意,あなたの真意は
DiceHeader,你的想法,あなたの考えは
DiceHeader,你的意图,あなたの意図は
DiceHeader,你的战利品,あなたの戦利品は
DiceHeader,你的战绩,あなたの戦績は
DiceHeader,你的抉择,あなたの選択は
DiceHeader,你的抵抗,あなたの抵抗
DiceHeader,你的挣扎,あなたの葛藤
DiceHeader,你的晚膳,あなたの夕食は
DiceHeader,你的智谋,あなたの知謀
DiceHeader,你的歌喉,あなたの歌声は
DiceHeader,你的犯意,あなたの犯意は
DiceHeader,你的犯罪冲动,あなたの犯罪衝動は
DiceHeader,你的猜测,あなたの推測は
DiceHeader,你的行动,あなたの行動は
DiceHeader,你的觉悟,あなたの覚悟は
DiceHeader,你的解释,あなたの説明は
DiceHeader,你的警觉,あなたの警戒心は
DiceHeader,你的辩解,あなたの弁解は
DiceHeader,你的遭遇,あなたの遭遇は
DiceHeader,你的野心,あなたの野心は
DiceHeader,你的领悟,あなたの悟り
DiceHeader,你的领悟,あなたの悟りは
DiceHeader,你的飞行方向,あなたの飛行方向は
DiceHeader,你睡了吗,眠っているか
DiceHeader,你试的药,あなたが試した薬は
DiceHeader,你说了啥,あなたの発言は
DiceHeader,修练成效,修練の成果
DiceHeader,做什么,何をするか
DiceHeader,做点事情吧,何かしよう
DiceHeader,全真派印象,全真派の印象
DiceHeader,决定看的书,読む本を決める
DiceHeader,决斗结果,決闘の結果は
DiceHeader,出使峨嵋派的结果,峨嵋派への使者の結果は
DiceHeader,出使青城派的结果,青城派への使者の結果は
DiceHeader,出手相助斗笠人,笠の男を助ける
DiceHeader,剪药的结果,薬を切った結果は
DiceHeader,办妥了是说,解決したというのは
DiceHeader,南宫世家印象,南宮家の印象
DiceHeader,南宫深的反应,南宮深の反応は
DiceHeader,南宫深的回答,南宮深の回答は
DiceHeader,南宫远的行动,南宮遠の行動は
DiceHeader,发觉,気付く
DiceHeader,可疑行径的威慑力,不審な行動の威嚇力は
DiceHeader,叶云舟的想法,葉雲舟の考えは
DiceHeader,叶云裳在喇逼鵰,葉雲裳が出鱈目を言う
DiceHeader,叶云裳的今日点心,葉雲裳の今日のおやつは
DiceHeader,叶云裳的冲击,葉雲裳の衝撃
DiceHeader,叶云裳的办法,葉雲裳の方法は
DiceHeader,叶云裳的探索成果,葉雲裳の探索成果は
DiceHeader,叶云裳的行径,葉雲裳の行状は
DiceHeader,叶云裳给的秘籍,葉雲裳がくれた秘笈は
DiceHeader,叶云裳采取的行动,葉雲裳の取る行動は
DiceHeader,向无忧的态度,向無憂の態度は
DiceHeader,向无忧的目标,向無憂の目標は
DiceHeader,吕翁的提议,呂翁の提案は
DiceHeader,咬你的是,あなたに噛みついたのは
DiceHeader,哪个是真的大师兄,どっちが本物の大師兄か
DiceHeader,唐芳药材回收程度,唐芳の薬材回収の割合は
DiceHeader,唐门伤亡,唐門の被害は
DiceHeader,唬烂结果,ハッタリの結果は
DiceHeader,四师兄的决策,四師兄の決断は
DiceHeader,四师兄的回馈,四師兄の返答は
DiceHeader,四师兄送你的东西,四師兄から贈られた品は
DiceHeader,在那之前,その前に
DiceHeader,声波对你的影响,音波があなたに与える影響
DiceHeader,夏侯兰的决定,夏侯蘭の決断は
DiceHeader,夏侯兰的首肯,夏侯蘭の承諾は
DiceHeader,大家的意见,皆の意見は
DiceHeader,大师兄召唤术,大師兄の召喚術
DiceHeader,大师兄所在,大師兄の居場所は
DiceHeader,大师兄的抉择,大師兄の決断は
DiceHeader,大师兄的绝招,大師兄の必殺技は
DiceHeader,大师姑今日的心情,大師姑の今日の機嫌は
DiceHeader,大院的情况,大院の状況は
DiceHeader,天武门的反应,天武門の反応は
DiceHeader,她就是,彼女は
DiceHeader,如何回应,どう応えるか
DiceHeader,如何处置,どう処置する
DiceHeader,实际的伤势,実際の怪我は
DiceHeader,客栈的消遣,宿屋での気晴らし
DiceHeader,对上官隼沟通策略,上官隼への交渉戦略
DiceHeader,对手是,相手は
DiceHeader,对阎关三煞唬烂,閻関三煞に虚勢を張る
DiceHeader,小师妹想好了吗,小師妹は考えたか
DiceHeader,小师妹的决策,小師妹の決断は
DiceHeader,小师妹的反应,小師妹の反応は
DiceHeader,小师妹的想法,小師妹の考えは
DiceHeader,小师妹的抵抗,小師妹の抵抗
DiceHeader,小梅的厨艺,小梅の料理の腕前
DiceHeader,小梅的心,小梅の心は
DiceHeader,小梅的意见,小梅の意見は
DiceHeader,小竹的勇气,竹の勇気
DiceHeader,小竹的方针,竹の方針は
DiceHeader,岭南派的意见,嶺南派の意見
DiceHeader,峨嵋派印象,峨嵋派の印象
DiceHeader,崆峒派印象,崆峒派の印象
DiceHeader,崆峒派的答复,崆峒派の返答は
DiceHeader,嵩山派印象,嵩山派の印象
DiceHeader,巴结行动,へつらい行動
DiceHeader,带媒人的数量,仲人の人数は
DiceHeader,店小二的心,店員の心は
DiceHeader,弟子出走结果,弟子出奔の結果は
DiceHeader,弟子的反应,弟子の反応は
DiceHeader,弟子的回应,弟子の返答は
DiceHeader,弟子的意图,弟子の意図は
DiceHeader,往下跳的结果,飛び降りた結果は
DiceHeader,心跳程度,ときめき度は
DiceHeader,怎么办,どうする
DiceHeader,怎么办呢,どうするか
DiceHeader,思想战的胜负,思想戦の勝敗は
DiceHeader,惊吓指数,びっくり指数は
DiceHeader,惊吓程度,びっくり指数
DiceHeader,愤怒指数,怒りの指数は
DiceHeader,打击程度,打撃の程度は
DiceHeader,打发时间读书,暇つぶしに読書
DiceHeader,打听的事,聞き出したい事は
DiceHeader,打破沉默的是,沈黙を破るのは
DiceHeader,打算下的毒,盛ろうとする毒は
DiceHeader,找工作的际遇,仕事探しの巡り合わせは
DiceHeader,找零工赚点快钱,日雇いで小銭を稼ぐ
DiceHeader,抉择,決断
DiceHeader,抓获的丐帮弟子,捕らえた丐帮弟子は
DiceHeader,招募弟子结果,弟子募集の結果は
DiceHeader,拦截,阻止
DiceHeader,拦路者何人,行く手を阻む者は
DiceHeader,挑战者是,挑戦者は
DiceHeader,挑战飞石帮,飛石幇への挑戦
DiceHeader,掌门令牌,掌門令牌
DiceHeader,掌门找你的原因,掌門があなたを呼んだ理由は
DiceHeader,接下来,次は
DiceHeader,接下来,それからは
DiceHeader,接下来去哪,次はどこへ
DiceHeader,推举出的人选,推薦された人物は
DiceHeader,收服弟子,弟子を服従させる
DiceHeader,故意朝你撞过来,わざとぶつかってきた
DiceHeader,新娘子人选,花嫁候補は
DiceHeader,新花样,新しい物を
DiceHeader,是什么酒,何の酒か
DiceHeader,是否会意,意を汲むか否か
DiceHeader,是否听过万里鹏程,万里鵬程を聞いたことがあるか
DiceHeader,是否听过杏梢锦囊,杏梢錦囊を聞いたことがあるか
DiceHeader,是否携带药材,薬材を持っているか
DiceHeader,是否烤鸡,鶏を焼くか
DiceHeader,是否预购活侠传呢,活俠傳を予約購入するか
DiceHeader,暗器向你射来,暗器があなたに飛んでくる
DiceHeader,暴怒指数,激怒指数
DiceHeader,有人坠马,落馬した者は
DiceHeader,有人来了,誰か来た
DiceHeader,有礼物吗,贈り物はあるか
DiceHeader,有趣的事情,面白いこととは
DiceHeader,朱婶的意向,朱おばさんの意向は
DiceHeader,村民的想法,村人の考えは
DiceHeader,来者何人,誰か来た
DiceHeader,树屋规格,樹上小屋の規格は
DiceHeader,樊啸天拔的草,樊嘯天が抜いた草は
DiceHeader,樊啸天的理智,樊嘯天の理性
DiceHeader,此人就是,この人は
DiceHeader,武林人的回应,武林人の反応は
DiceHeader,武林盟的消耗,武林盟の消耗は
DiceHeader,死亡擂台对手,死の闘技場の対戦相手は
DiceHeader,段智秀的问题,段智秀の問いは
DiceHeader,段考的考官,試験の試験官は
DiceHeader,毒药的威力,毒薬の威力は
DiceHeader,比拼内力,内力の競い合い
DiceHeader,温夫人的想法,温夫人の考えは
DiceHeader,游伴是,遊び相手は
DiceHeader,点苍派印象,点蒼派の印象
DiceHeader,现场的失控程度,現場の混乱度は
DiceHeader,理解二师兄的深意,二師兄の真意を理解する
DiceHeader,理解二师兄的行为,二師兄の行動を理解する
DiceHeader,由谁出战,誰が出陣するか
DiceHeader,由谁出战,出陣するのは
DiceHeader,申屠龙对你的安排,申屠龍の采配は
DiceHeader,申屠龙挣扎中,申屠龍の抵抗
DiceHeader,画中仙的抉择,画中仙の選択は
DiceHeader,睡觉,寝る
DiceHeader,站哨,見張り
DiceHeader,第一个刺客是,最初の刺客は
DiceHeader,第一战,第一戦
DiceHeader,第三香给的东西,第三香が渡した物は
DiceHeader,第二个刺客是,二番目の刺客は
DiceHeader,精神伤害判定,精神損傷判定
DiceHeader,精神伤害鉴定,精神損傷鑑定
DiceHeader,练药是否成功,薬の調合は成功するか
DiceHeader,结果,結果は
DiceHeader,考官是,試験官は
DiceHeader,考虑离开唐门,唐門を去ることを考える
DiceHeader,背后劲风来袭,背後から勁風が襲う
DiceHeader,胜利者是,勝者は
DiceHeader,胜负,勝負
DiceHeader,落跑的唐门弟子,逃げ出した唐門の弟子は
DiceHeader,蒙面人送你的秘籍,覆面の者が贈った秘笈は
DiceHeader,被采纳的意见是,採用された意見は
DiceHeader,要做什么呢,何をするか
DiceHeader,要读什么书呢,何の本を読むか
DiceHeader,解无尘的来意,解無塵の来意は
DiceHeader,论战胜负,論戦の勝敗は
DiceHeader,试图说服唐门弟子,唐門弟子を説得する試み
DiceHeader,说服,説得
DiceHeader,说点什么,何か言う
DiceHeader,谁先放手,誰が先に手を放すか
DiceHeader,调息的效果,調息の効果は
DiceHeader,赌博胜负,賭博の勝負は
DiceHeader,赌博胜负,賭博の勝敗は
DiceHeader,赢钱了吗,勝ったか
DiceHeader,走了多少人,何人去ったか
DiceHeader,运功疗伤,運功治療
DiceHeader,还剩下你,まだあなたがいるが
DiceHeader,这场论战的胜负,この論戦の勝敗は
DiceHeader,追击结果,追撃の結果は
DiceHeader,退隐江湖,江湖を引退する
DiceHeader,逃脱,逃げる
DiceHeader,那么人选,その人選は
DiceHeader,重要的事情,重要なこととは
DiceHeader,门派抽签结果,門派抽選結果は
DiceHeader,闪避,回避
DiceHeader,阁下便是,あなたが
DiceHeader,集体坠落,集団墜落
DiceHeader,青城派印象,青城派の印象
DiceHeader,顾药的结果,薬の番の結果は
DiceHeader,领悟其中之意,その意味を悟る
DiceHeader,飞渡破损栈道,破損した桟道を飛び越える
DiceHeader,骂段智秀,段智秀を罵る
DiceHeader,鬼卒的叉尖所向,鬼卒の叉の切っ先が向く先は
DiceHeader,龙湘的反应,龍湘の反応は
DiceHeader,龙湘的怀疑,龍湘の疑念は
DiceHeader,龙湘的想法,龍湘の考えは
DiceHeader,龙湘的特征,龍湘の特徴
DiceHeader,龙湘的真面目,龍湘の真の姿は
DiceHeader,龙湘的觉悟,龍湘の覚悟は
DiceHeader,龙湘的钱包,龍湘の財布は
Equip,万灵油,万霊油
Equip,三阴虫草胶,三陰蟲草膠
Equip,乌水仙,烏水仙
Equip,乖乖水,乖乖水
Equip,似草针,似草針
Equip,切鱼刀,魚切り包丁
Equip,南蝥礜石散,南蝥礜石散
Equip,唐门传承小剑,唐門伝承短剣
Equip,唐门制服,唐門制服
Equip,唐门小剑,唐門短剣
Equip,唐门祖师剑,唐門祖師剣
Equip,唐门菁英小剑,唐門精鋭短剣
Equip,地鸣雷,地鳴雷
Equip,密密缝,密密縫
Equip,护心镜,護心鏡
Equip,无形箭,無形矢
Equip,沥泉小剑,瀝泉短剣
Equip,流星箭,流星矢
Equip,牛皮制服,牛革の制服
Equip,猛火油柜,猛火油櫃
Equip,玉霄神匕,玉霄神匕
Equip,睡丹,睡丹
Equip,神奇球,神奇球
Equip,穿心龙胆汤,穿心龍膽湯
Equip,纸甲,紙甲
Equip,胡椒粉丸,胡椒粉丸
Equip,脱手镖,脱手鏢
Equip,袖里箭,袖裏矢
Equip,赤炼砂,赤煉砂
Equip,轻量化,軽量化
Equip,金钱剑,金銭剣
Equip,铁橄榄,鉄橄欖
Equip,雷火弹,雷火弾
Equip,鞭炮,爆竹
Equip,飞梭,飛梭
Equip,飞煌石,飛蝗石
Library,一刀两断,一刀両断
Library,一心一意,一途
Library,上官萤的制裁,上官螢の制裁
Library,下旬+1,下旬+1
Library,与妳同行,君とともに
Library,与花合葬,花と共に葬られる
Library,世外桃源,世外桃源（せがいとうげん）
Library,丧家之犬,負け犬
Library,丧家之犬的末路,負け犬の末路
Library,中旬+1,中旬+1
Library,为虎作伥,虎の威を借る狐
Library,乱战中被践踏而死,乱戦中に踏み潰されて死亡
Library,人为财死,人は財のために死す
Library,人间道,人間道
Library,传说之下,伝説の下に
Library,传说之人,伝説の人
Library,假掰致死,見栄っ張り死
Library,假死变真死,死んだふりが本当の死に
Library,偷吃被老丈人砍死,浮気して義父に斬り殺される
Library,全军覆没,全滅
Library,全家餐,一家団欒の食事
Library,公报私仇杀,私怨による殺害
Library,六亲不认的胖子,身内にも容赦ないデブ
Library,再世庞统,龐統の再来
Library,出身未捷身先死,出師未だ捷たず身先ず死す
Library,分身,分身
Library,分身而死,分身して死す
Library,划地为牢,地を画して牢と為す
Library,千古名匠,千古の名匠
Library,君所愿兮江湖行,君が願うは江湖の旅路
Library,含冤莫白,無念の死
Library,含恨而死,恨みを抱いて死す
Library,吸毒死,毒を吸って死す
Library,命中有数,これも命数
Library,命如草芥,命は草芥の如し
Library,咎由自取,自業自得
Library,唐门叛徒,唐門の裏切り者
Library,唐门女婿,唐門の婿
Library,唐门的暗器,唐門の暗器
Library,唐门薪火,唐門の灯火
Library,回疆隐居,回疆での隠居
Library,围殴致死,タコ殴り死
Library,天地无声,天地無音
Library,失宠,失寵
Library,孤独死,孤独死
Library,孤独终老,孤独な晩年
Library,宦海浮沉,官海に浮き沈む
Library,富甲一方,地方の富豪
Library,小师妹的制裁,小師妹の制裁
Library,小梅的千里追杀,小梅の千里追撃
Library,小梅私藏,小梅の秘蔵
Library,小菜之死,前菜の死
Library,屁力焦蛙,屁力（へきれき）爆発
Library,山中法度,山中の掟
Library,山中老人,山の翁
Library,山林隐逸,山林の隠遁者
Library,峨嵋弟子,峨嵋の弟子
Library,崭露头角,頭角を現す
Library,师门砥柱,師門の柱
Library,开启命运收束之力,運命収束の力が解放される
Library,忘忧侠侣,忘憂の俠侶
Library,快剑封喉,瞬剣による喉斬り
Library,忽然就死了,突然死
Library,恐惧而死,恐怖死
Library,恩仇的尽头,恩讐の果て
Library,恶人自有恶人磨,毒をもって毒を制す
Library,恶贯满盈,悪逆非道の報い
Library,慷慨就义,義に殉じ
Library,懦夫救星,臆病者の救世主
Library,我在唐门谷底,唐門の谷底にて
Library,手贱而死,手癖が悪くて死す
Library,找死,死を見つける
Library,护花死者,花を守る死者
Library,揍我,殴ってくれ
Library,搞失踪,失踪
Library,摔死,転落死
Library,斗殴致死,喧嘩闘争による死亡
Library,最后的唐门弟子,最後の唐門弟子
Library,最后的暗器,最後の暗器
Library,杀人灭口,口封じ
Library,武林传奇,武林の伝説
Library,殉志而死,志に殉じて死す
Library,殉情,心中
Library,毁灭性声波攻击,破壊的音波攻撃
Library,毒死,毒殺
Library,江湖仇杀令．崆峒,江湖仇殺令・崆峒
Library,泄愤不成反被杀,鬱憤晴らせず逆に殺される
Library,活活打死,撲殺
Library,流浪汉,放浪者
Library,清理门户,家門の粛清
Library,溺死,溺死
Library,点苍剑下亡魂,点蒼剣下の亡魂
Library,烂死,弱すぎて死亡
Library,烦人修仙,煩人修仙
Library,爆体而亡,爆体死
Library,爆头,頭部破裂
Library,独善其身,我が身を保つ
Library,狼的宵夜,狼の夜食
Library,猿鹤虫沙,猿鶴蟲沙（えんかくちゅうさ）
Library,盲剑客,盲目の剣客
Library,相声二人组,漫才二人組
Library,看不顺眼被杀,目障りで殺される
Library,眼睛睁睁看你死,ただ死ぬのを見ているだけ
Library,睡死,睡眠死
Library,砍死,斬殺
Library,神州旅人,神州の旅人
Library,窝囊死,不甲斐なき最期
Library,竹之城,竹の城
Library,累死,過労死
Library,自尽死,自害
Library,自恋,自惚れ
Library,自找死路,自ら死を招く
Library,自食恶果,自業自得
Library,苟且偷生,苟且に行き永らえる
Library,莽撞而死,無謀にて死す
Library,蒙古大夫你,藪医者のあなた
Library,血河刀,血河刀
Library,行尸走肉,歩く屍
Library,被下马威随手杀死,見せしめに殺される
Library,被人借刀杀死,借刀殺人
Library,被关到老,老いるまで獄中に
Library,被反震而死,反動死
Library,被吓死,恐怖死
Library,被太阳晒死,太陽に焼かれて死亡
Library,被女飞贼埋伏刺杀,女盗賊に待ち伏せされ刺殺
Library,被小梅刺杀,小梅に刺殺される
Library,被情敌杀死,恋敵に殺害される
Library,被愤怒的铁匠槌死,憤怒の鍛冶屋に槌で打ち殺される
Library,被揍死,殴り殺される
Library,被海盗喂鱼死,海賊に魚の餌にされ死亡
Library,被炼死,煉り殺される
Library,被烫死,熱湯死
Library,被煮的狗,煮られた犬
Library,被猪拱死,猪に突き殺される
Library,被肉包噎死,肉まんを喉に詰まらせて死亡
Library,被蛇咬死,蛇に噛まれて死ぬ
Library,被誤殺而死,誤殺
Library,被道士当妖怪误杀,道士に妖怪と間違われて誤殺
Library,被雷劈死,雷に打たれて死亡
Library,被马踩死,馬に踏まれて死亡
Library,被鸡腿杀死,鶏ももで殺される
Library,被龙湘误杀,龍湘に誤殺される
Library,西游记,西遊記
Library,谋财害命,強盗殺人
Library,败寇之死,敗者の死
Library,走路不看路而死,不注意による死
Library,赶海人,海を追う人
Library,跟黑暗大法师一样,まるで黑暗大法師（エクゾディア）
Library,这是我家,ここが我が家
Library,退隐江湖,江湖を引退
Library,逃跑失败被处决,逃走失敗により処刑
Library,遭人活活压死,圧死
Library,遭到连累而死,巻き添え死
Library,野心勃勃,野心満々
Library,降魔不成反被降,魔を降せず逆に降される
Library,随便死,適当死
Library,隐世大儒,隠世の大儒
Library,雪山派大弟子,雪山派の一番弟子
Library,飞侠归来,飛俠の帰還
Library,食物中毒死,食中毒死
Library,魂归故里,魂は故郷に
Library,魔王的爪牙,魔王の手先
Library,鸡腿大亨,鶏もも王
Library,黑吃黑失败,盗人の内輪揉め失敗
Misc,中药蜜饯,中薬蜜餞
Misc,健胃药,健胃薬
Misc,听云木剑,聴雲木剣
Misc,唐门改良金创药,唐門改良金創薬
Misc,唐门金创药,唐門金創薬
Misc,失败木剑,失敗木剣
Misc,姜记肉包,姜記肉包
Misc,岁月欺霜残盒,歳月欺霜残盒
Misc,峨嵋雪芽,峨嵋雪芽
Misc,折价卷,割引券
Misc,接骨草,接骨草
Misc,无效健胃药,無効健胃薬
Misc,木剑,木剣
Misc,测试杂物,実験雑物
Misc,海芋的茎,海芋の茎
Misc,湘妃鱼糕,湘妃魚糕
Misc,烤鱼,焼き魚
Misc,烧刀子,焼刀子
Misc,狼毒散,狼毒散
Misc,猴儿酒,猴児酒
Misc,甘蔗,甘蔗
Misc,盐腌山猪肉,塩漬け山猪肉
Misc,磨喝乐,磨喝楽
Misc,纳溪梅岭,納渓梅嶺
Misc,羊羔酒,羊羔酒
Misc,肉干,肉乾
Misc,肉馅馒头,肉餡饅頭
Misc,色纸,色紙
Misc,苏合香酒,蘇合香酒
Misc,茅台酒,茅台酒
Misc,蒙顶露芽,蒙頂露芽
Misc,豆沙包,豆沙包
Misc,金念珠,金の数珠
Misc,降真香,降真香
Misc,黄酒,黄酒
Misc,龙湘的碎银,龍湘の砕銀
Misc,龙象豹力子丹,龍象豹力子丹
PlayerStat,体力,体力
PlayerStat,修养,品性
PlayerStat,儒学,儒学
PlayerStat,内力,内力
PlayerStat,内功,内功
PlayerStat,刀剑,刀剣
PlayerStat,变心,心変わり
PlayerStat,名声,名声
PlayerStat,向心,団結
PlayerStat,命运,運命
PlayerStat,嘴力,弁舌
PlayerStat,处世,処世
PlayerStat,奇门,奇門
PlayerStat,好感度,好感度
PlayerStat,学问,学問
PlayerStat,形意拳,形意拳
PlayerStat,心上人,想い人
PlayerStat,心相,心相
PlayerStat,性情,性情
PlayerStat,抗毒,対毒
PlayerStat,抗麻,対麻痺
PlayerStat,拳掌,拳掌
PlayerStat,攻击,攻撃
PlayerStat,暗器威力,暗器威力
PlayerStat,暗器爆发,暗器爆発
PlayerStat,枪棍,長物
PlayerStat,武学,武学
PlayerStat,毒药,毒薬
PlayerStat,炼丹,錬丹
PlayerStat,爆发,爆発
PlayerStat,腿法,足技
PlayerStat,行动,行動
PlayerStat,行动次数,行動回数
PlayerStat,贡献度,貢献度
PlayerStat,软兵器,軟兵器
PlayerStat,轻功,軽功
PlayerStat,道学,道学
PlayerStat,道德,道徳
PlayerStat,释学,釋学
PlayerStat,银两,銀両
PlayerStat,锻造,鍛造
PlayerStat,门人,門人
PlayerStat,门人数量,門人の数
PlayerStat,门人血量,門人ＨＰ
PlayerStat,门派规模,門派規模
PlayerStat,门派资产,門派資産
PlayerStat,防御,防御
PlayerStat,阴阳,陰陽
PlayerStat,魅力,魅力
PlayerStat,麻痹,麻痺
Position,上清宫,上清宮
Position,下棋,囲碁
Position,义田,共有田
Position,休息,休憩
Position,伙房,厨房
Position,修仙,修仙
Position,修真,修真
Position,修练,稽古
Position,修练,修練
Position,后山,裏山
Position,团练,団体稽古
Position,坐诊,診察
Position,埋伏,身を隠す
Position,外堡,外堡
Position,大门,大門
Position,夺魄峰,奪魄峰
Position,夺魄森林,奪魄の森
Position,女弟子房,女弟子室
Position,工作,仕事
Position,常风观,常風観
Position,庶务,書類仕事
Position,打铁．锻造,鍛冶．鍛造
Position,打铁．锻造,鍛冶・鍛造
Position,扫除,掃除
Position,折纸鹤,鶴を折る
Position,挑战,挑戦
Position,挑柴,薪拾い
Position,掌厨,料理
Position,擂台,闘技場
Position,散步,散歩
Position,无色广场,無色広場
Position,正心堂,正心堂
Position,温泉,温泉
Position,炼丹房,錬丹部屋
Position,炼丹．制药,煉丹．製薬
Position,焚香．掌灯,焚香．掌灯
Position,玄功洞,玄功洞
Position,男弟子房,男弟子室
Position,神秘房子,神秘な部屋
Position,管家,家政
Position,练功场,練武場
Position,练功塔,稽古塔
Position,耕耘,耕作
Position,自由,自由
Position,茶博士,茶博士
Position,茶肆,茶屋
Position,药铺,薬屋
Position,行商,行商
Position,讲经堂,講経堂
Position,读书,読書
Position,赌场,賭場
Position,逛街,散策
Position,道士下山,道士下山
Position,铁拳巷,鉄拳巷
Position,锻冶场,鍛冶場
Position,闲聊,雑談
Position,闹市,繁華街
Position,青城山镇,青城山町
Position,静坐冥想,静坐瞑想
Position,飞天殿,飛天殿
Position,魏菊,魏菊
Special,万灵油药方,万霊油薬方
Special,上官萤的发簪,上官螢の簪
Special,乌蚕宝衣,烏蚕の宝衣
Special,九泉丹方,九泉丹方
Special,五彩龙砂丹,五彩龍砂丹
Special,发簪,髪簪
Special,叫化鸡食谱,叫化鶏食譜
Special,叶云裳的梳子,葉雲裳の櫛
Special,夏侯兰的发带,夏侯蘭の髪紐
Special,大师兄的涂鸦,大師兄の落書き
Special,小师妹的香囊,小師妹の香り袋
Special,小竹按摩券,郁竹の按摩券
Special,崆峒磨喝乐,崆峒磨喝楽
Special,文房四宝,文房四宝
Special,机巧飞蝗,機巧飛蝗
Special,江湖快报一月号,江湖速報一月号
Special,江湖快报七月号,江湖速報七月号
Special,江湖快报三月号,江湖速報三月号
Special,江湖快报九月号,江湖速報九月号
Special,江湖快报二月号,江湖速報二月号
Special,江湖快报五月号,江湖速報五月号
Special,江湖快报八月号,江湖速報八月号
Special,江湖快报六月号,江湖速報六月号
Special,江湖快报十一月号,江湖速報十一月号
Special,江湖快报十二月号,江湖速報十二月号
Special,江湖快报十月号,江湖速報十月号
Special,江湖快报四月号,江湖速報四月号
Special,沥泉枪头,瀝泉槍の穂先
Special,猛火油柜图纸,猛火油櫃の図紙
Special,睡丹药方,睡丹薬方
Special,纸甲图纸,紙甲の図紙
Special,赵活磨喝乐,趙活磨喝楽
Special,还虚丹,還虚丹
Special,连环火箭,連環火箭
Special,连环火箭图纸,連環火箭の図紙
Special,龙湘的发簪,龍湘の簪
StatLevel,中庸,中庸
StatLevel,侠客,侠客
StatLevel,勇敢,勇敢
StatLevel,君子,君子
StatLevel,坏人,悪人
StatLevel,好人,善人
StatLevel,少阳,少陽
StatLevel,少阴,少陰
StatLevel,平静,平静
StatLevel,忧郁,憂鬱
StatLevel,快乐,快楽
StatLevel,恶棍,極悪
StatLevel,懦夫,臆病
StatLevel,暴躁,乱暴
StatLevel,沉着,冷静
StatLevel,疯狂,狂人
StatLevel,知礼,丁寧
StatLevel,矫情,虚飾
StatLevel,粗鲁,無礼
StatLevel,老阳,老陽
StatLevel,老阴,老陰
StatLevel,莽夫,無謀
StatLevel,调和,調和
StatLevel,谨慎,慎重
StatLevel,豪爽,颯爽
